v -0.090113 0.000170 -0.030898
v -0.090086 0.000016 -0.032490
v -0.090019 0.000447 -0.031083
v -0.089885 -0.000100 -0.030645
v -0.089675 0.000142 -0.037503
v -0.089675 0.000570 -0.032859
v -0.089664 0.000044 -0.036930
v -0.089628 0.000698 -0.031062
v -0.089610 0.000262 -0.029597
v -0.089599 0.000370 -0.036779
v -0.089563 0.000068 -0.033364
v -0.089518 -0.000312 -0.032591
v -0.089476 -0.000332 -0.030719
v -0.089415 0.000584 -0.037222
v -0.089369 0.000608 -0.029774
v -0.089132 0.000292 -0.037948
v -0.089130 -0.000273 -0.037151
v -0.089120 0.000388 -0.028887
v -0.089016 -0.000076 -0.037927
v -0.088983 -0.000025 -0.028803
v -0.088714 0.000573 -0.035841
v -0.088678 -0.000344 -0.029289
v -0.088663 0.000772 -0.032672
v -0.088649 0.000095 -0.035398
v -0.088626 0.000185 -0.034129
v -0.088512 0.000737 -0.036837
v -0.088360 0.000559 -0.034272
v -0.088295 -0.000305 -0.033617
v -0.088224 0.000514 -0.028371
v -0.088223 0.000574 -0.037857
v -0.087802 -0.000301 -0.035254
v -0.087785 -0.000302 -0.037621
v -0.087747 0.000142 -0.038166
v -0.087683 -0.000412 -0.031589
v -0.087580 0.000777 -0.029978
v -0.087475 -0.000303 -0.028025
v -0.087461 0.000724 -0.035272
v -0.087374 0.000021 -0.027454
v -0.087197 -0.000394 -0.028941
v -0.087127 0.000662 -0.037449
v -0.087116 -0.000112 -0.037802
v -0.087053 0.000394 -0.037857
v -0.087022 0.000781 -0.033735
v -0.087016 0.000431 -0.027304
v -0.086834 0.000690 -0.027792
v -0.086567 0.000641 -0.036362
v -0.086520 -0.000267 -0.036451
v -0.086389 -0.000068 -0.034959
v -0.086323 0.000711 -0.028775
v -0.086306 -0.000313 -0.033682
v -0.086306 0.000103 -0.035777
v -0.086270 0.000010 -0.037116
v -0.086200 0.000659 -0.034125
v -0.086121 0.000405 -0.036684
v -0.086099 0.000349 -0.034612
v -0.086046 -0.000028 -0.036584
v -0.085815 -0.000402 -0.030062
v -0.085785 -0.000072 -0.026980
v -0.085678 0.000688 -0.032719
v -0.085523 -0.000388 -0.027948
v -0.085485 0.000775 -0.030369
v -0.085441 0.000487 -0.026809
v -0.085376 0.000368 -0.033315
v -0.085292 -0.000002 -0.032991
v -0.084929 -0.000263 -0.031235
v -0.084744 0.000218 -0.031679
v -0.084592 0.000053 -0.026080
v -0.084588 0.000772 -0.027550
v -0.084489 0.000609 -0.030910
v -0.084359 -0.000289 -0.026378
v -0.084161 0.000617 -0.026153
v -0.083833 -0.000343 -0.029996
v -0.083823 0.000236 -0.030704
v -0.083509 0.000670 -0.029930
v -0.083368 0.000214 -0.025390
v -0.083333 -0.000098 -0.030353
v -0.082982 -0.000366 -0.028917
v -0.082720 -0.000410 -0.026631
v -0.082656 0.000626 -0.025470
v -0.082505 0.000399 -0.029637
v -0.082425 0.000758 -0.028471
v -0.082404 -0.000279 -0.025470
v -0.082363 -0.000090 -0.029516
v -0.082286 0.000769 -0.026175
v -0.082077 0.000110 -0.025071
v -0.080883 -0.000325 -0.028363
v -0.080882 0.000555 -0.028679
v -0.080716 0.000021 -0.028868
v -0.080658 0.000537 -0.024934
v -0.080556 -0.000029 -0.024704
v -0.080349 -0.000332 -0.025210
v -0.079921 0.000770 -0.026463
v -0.079494 -0.000401 -0.026716
v -0.079202 0.000267 -0.024315
v -0.079103 0.000628 -0.024679
v -0.078993 0.000404 -0.028245
v -0.078834 0.000685 -0.027816
v -0.078656 -0.000181 -0.027876
v -0.078088 -0.000200 -0.024417
v -0.077907 -0.000393 -0.025409
v -0.077613 0.000627 -0.027482
v -0.077578 0.000149 -0.024123
v -0.077366 0.000570 -0.024282
v -0.077333 0.000179 -0.027619
v -0.077071 0.000772 -0.026659
v -0.077059 0.000777 -0.025016
v -0.076895 -0.000286 -0.027049
v -0.075736 0.000627 -0.026986
v -0.075728 0.000169 -0.023623
v -0.075504 -0.000299 -0.024131
v -0.075481 -0.000083 -0.027117
v -0.075328 0.000361 -0.027140
v -0.075178 -0.000324 -0.026402
v -0.074844 0.000634 -0.023521
v -0.074545 0.000745 -0.025958
v -0.074135 0.000239 -0.022873
v -0.074083 0.000046 -0.026625
v -0.074045 0.000502 -0.026501
v -0.073719 -0.000388 -0.024393
v -0.073296 0.000787 -0.024038
v -0.073242 -0.000098 -0.022755
v -0.072761 0.000548 -0.022663
v -0.072693 -0.000186 -0.025985
v -0.072542 0.000714 -0.025569
v -0.072282 -0.000360 -0.022962
v -0.071971 0.000404 -0.026180
v -0.071341 -0.000295 -0.025476
v -0.071295 -0.000211 -0.021832
v -0.071154 0.000239 -0.021446
v -0.071149 0.000112 -0.025990
v -0.070865 0.000789 -0.023865
v -0.070859 0.000761 -0.022206
v -0.070834 0.000630 -0.021574
v -0.070744 0.000558 -0.025589
v -0.070548 -0.000383 -0.023940
v -0.070437 -0.000393 -0.021984
v -0.070175 -0.000001 -0.020961
v -0.070019 -0.000021 -0.025306
v -0.070018 -0.000294 -0.021206
v -0.069864 0.000399 -0.020878
v -0.068985 -0.000047 -0.037950
v -0.068959 0.000271 -0.037807
v -0.068934 0.000211 -0.038444
v -0.068855 0.000359 -0.025144
v -0.068743 0.000587 -0.038087
v -0.068656 -0.000353 -0.021429
v -0.068617 -0.000236 -0.038024
v -0.068603 0.000608 -0.020817
v -0.068544 -0.000307 -0.024332
v -0.068484 0.000787 -0.021846
v -0.068440 0.000686 -0.024354
v -0.068438 0.000031 -0.020577
v -0.068413 -0.000006 -0.038389
v -0.068351 0.000408 -0.038348
v -0.068278 0.000197 -0.035095
v -0.068131 0.000025 -0.024745
v -0.068100 -0.000004 -0.037029
v -0.068072 0.000475 -0.036998
v -0.068042 0.000551 -0.034714
v -0.067963 -0.000233 -0.037683
v -0.067910 0.000562 -0.037638
v -0.067900 -0.000145 -0.034474
v -0.067891 -0.000213 -0.035273
v -0.067845 0.000568 -0.035444
v -0.067820 0.000094 -0.037980
v -0.067733 0.000349 -0.033846
v -0.067719 0.000066 -0.036027
v -0.067655 0.000377 -0.036196
v -0.067591 0.000129 -0.037319
v -0.067356 0.000031 -0.033354
v -0.067198 0.000390 -0.024130
v -0.067026 -0.000260 -0.034688
v -0.067004 0.000644 -0.033467
v -0.066887 0.000614 -0.034424
v -0.066802 -0.000351 -0.023099
v -0.066770 0.000144 -0.034962
v -0.066620 0.000423 -0.032592
v -0.066613 -0.000263 -0.033189
v -0.066587 0.000565 -0.020317
v -0.066544 0.000720 -0.022981
v -0.066468 0.000083 -0.020113
v -0.066384 -0.000085 -0.023664
v -0.066306 -0.000009 -0.032336
v -0.066151 0.000084 -0.033725
v -0.066013 -0.000316 -0.020552
v -0.065973 0.000765 -0.020763
v -0.065915 0.000428 -0.032274
v -0.065847 0.000584 -0.033027
v -0.065812 -0.000220 -0.032694
v -0.065600 0.000412 -0.023334
v -0.065521 0.000063 -0.032260
v -0.065405 0.000218 -0.032689
v -0.065209 -0.000329 -0.022503
v -0.064940 0.000609 -0.019752
v -0.064670 0.000751 -0.022182
v -0.064665 0.000003 -0.019398
v -0.064334 0.000108 -0.023168
v -0.064258 -0.000406 -0.020523
v -0.063702 0.000795 -0.020606
v -0.063558 0.000628 -0.022808
v -0.063500 -0.000296 -0.022573
v -0.063415 -0.000351 -0.019400
v -0.063121 0.000378 -0.018737
v -0.063026 0.000399 -0.022951
v -0.063018 0.000019 -0.022945
v -0.062970 -0.000091 -0.018706
v -0.062815 0.000677 -0.019000
v -0.061655 0.000145 -0.018038
v -0.061508 0.000156 -0.022482
v -0.061496 0.000702 -0.021860
v -0.061241 -0.000320 -0.018446
v -0.061235 0.000632 -0.018216
v -0.061047 -0.000302 -0.021979
v -0.060927 -0.000407 -0.020433
v -0.060757 0.000787 -0.019117
v -0.060195 -0.000039 -0.017719
v -0.060096 0.000375 -0.017633
v -0.060072 0.000439 -0.022231
v -0.059886 -0.000053 -0.022161
v -0.059641 -0.000298 -0.017862
v -0.059177 0.000685 -0.017632
v -0.059132 0.000141 -0.016859
v -0.058888 -0.000241 -0.021616
v -0.058749 -0.000398 -0.018700
v -0.058463 0.000423 -0.015874
v -0.058413 0.000728 -0.021079
v -0.058278 0.000060 -0.015643
v -0.058159 0.000287 -0.021879
v -0.058086 -0.000311 -0.016144
v -0.057892 0.000094 -0.028003
v -0.057844 0.000717 -0.016163
v -0.057817 0.000424 -0.028384
v -0.057802 -0.000083 -0.028556
v -0.057719 -0.000404 -0.020434
v -0.057682 0.000219 -0.028971
v -0.057540 0.000269 -0.027765
v -0.057509 0.000786 -0.018855
v -0.057429 -0.000070 -0.027870
v -0.057332 -0.000152 -0.028956
v -0.057222 0.000525 -0.027985
v -0.057191 -0.000295 -0.021449
v -0.057176 0.000590 -0.028757
v -0.057138 0.000422 -0.014959
v -0.057116 -0.000022 -0.014924
v -0.057009 0.000196 -0.029043
v -0.056969 0.000124 -0.027913
v -0.056861 -0.000036 -0.028454
v -0.056794 0.000394 -0.028355
v -0.056707 0.000568 -0.021776
v -0.056668 -0.000412 -0.016740
v -0.056529 0.000700 -0.015139
v -0.056335 -0.000073 -0.021838
v -0.056273 -0.000427 -0.018357
v -0.056188 0.000296 -0.021942
v -0.056091 0.000070 0.065835
v -0.056034 -0.000333 -0.014546
v -0.056018 0.000220 0.067293
v -0.056006 0.000353 0.065363
v -0.055877 0.000571 0.065989
v -0.055871 -0.000027 -0.013508
v -0.055712 -0.000199 0.067251
v -0.055689 0.000797 -0.017527
v -0.055662 0.000519 -0.013429
v -0.055562 -0.000332 0.066142
v -0.055454 0.000559 0.067461
v -0.055414 -0.000006 0.067781
v -0.055389 0.000738 -0.015611
v -0.055381 0.000033 0.064507
v -0.055353 -0.000359 -0.015648
v -0.055329 0.000765 -0.014363
v -0.055295 0.000770 -0.020415
v -0.055201 -0.000275 0.064618
v -0.055099 0.000577 0.064580
v -0.055003 0.000055 -0.012224
v -0.054788 0.000001 0.063222
v -0.054719 0.000440 -0.011987
v -0.054712 0.000691 0.066495
v -0.054708 -0.000324 -0.012754
v -0.054651 0.000542 -0.021165
v -0.054619 -0.000256 0.064825
v -0.054602 0.000515 0.063013
v -0.054550 -0.000313 0.067513
v -0.054398 0.000427 0.064838
v -0.054376 0.000219 0.062066
v -0.054361 -0.000391 -0.020143
v -0.054304 0.000405 0.066041
v -0.054292 -0.000380 -0.014350
v -0.054270 0.000418 0.067866
v -0.054263 -0.000057 -0.021105
v -0.054228 -0.000099 0.066189
v -0.054089 0.000609 0.063237
v -0.054085 -0.000332 0.066909
v -0.054074 -0.000287 0.062793
v -0.054028 -0.000050 -0.011104
v -0.053958 -0.000074 0.067825
v -0.053815 -0.000189 0.061472
v -0.053793 0.000553 -0.011098
v -0.053792 0.000571 0.067027
v -0.053645 0.000300 0.060483
v -0.053610 -0.000354 -0.011517
v -0.053609 0.000752 -0.012042
v -0.053543 -0.000117 0.067339
v -0.053524 0.000316 0.067639
v -0.053500 0.000199 0.066992
v -0.053472 0.000112 0.062684
v -0.053415 0.000174 -0.010748
v -0.053414 0.000632 0.060804
v -0.053356 -0.000422 -0.015990
v -0.053303 0.000070 0.059699
v -0.053051 -0.000194 -0.010986
v -0.053023 0.000618 0.061484
v -0.053020 0.000427 -0.020899
v -0.052990 0.000801 -0.015640
v -0.052955 0.000763 -0.019841
v -0.052809 0.000606 0.059654
v -0.052803 -0.000267 0.059824
v -0.052692 -0.000221 -0.020689
v -0.052549 -0.000221 0.060938
v -0.052544 0.000560 -0.011138
v -0.052270 0.000163 -0.020839
v -0.052243 0.000366 0.061001
v -0.052134 0.000234 0.059064
v -0.051984 -0.000321 -0.011486
v -0.051839 0.000030 -0.011032
v -0.051703 0.000680 0.060284
v -0.051667 -0.000414 -0.012638
v -0.051286 0.000429 -0.011180
v -0.051271 -0.000057 0.058869
v -0.051151 0.000052 0.060584
v -0.051093 0.000759 -0.012368
v -0.051031 -0.000428 -0.017837
v -0.051014 -0.000346 -0.019992
v -0.050892 0.000616 0.059106
v -0.050871 0.000467 0.060375
v -0.050871 0.000657 -0.020163
v -0.050781 0.000302 0.058769
v -0.050775 -0.000305 0.059486
v -0.050609 -0.000212 0.060069
v -0.050571 0.000045 -0.020561
v -0.050507 -0.000064 0.058935
v -0.050414 0.000602 0.059681
v -0.050195 0.000333 0.059172
v -0.050135 -0.000062 0.059545
v -0.050135 0.000242 0.059945
v -0.050049 -0.000311 -0.011264
v -0.049981 0.000588 -0.011009
v -0.049976 0.000802 -0.018330
v -0.049870 0.000085 -0.010749
v -0.049539 0.000537 -0.020445
v -0.049021 -0.000298 -0.020226
v -0.048794 0.000758 -0.020025
v -0.048496 -0.000021 -0.020872
v -0.048488 -0.000045 -0.010477
v -0.048471 0.000812 -0.015505
v -0.048411 0.000475 -0.132818
v -0.048403 0.000428 -0.020936
v -0.048395 -0.000064 -0.132515
v -0.048355 -0.000406 -0.012241
v -0.048209 -0.000035 -0.130884
v -0.048198 0.000333 -0.130833
v -0.048154 0.000798 -0.012794
v -0.048081 0.000141 -0.134605
v -0.048027 0.000611 -0.130960
v -0.048019 0.000755 -0.011195
v -0.047959 0.000037 0.053524
v -0.047951 0.000375 0.053714
v -0.047917 -0.000412 -0.018512
v -0.047850 -0.000290 -0.130816
v -0.047789 -0.000256 -0.134389
v -0.047788 0.000544 -0.134965
v -0.047784 0.000443 -0.010284
v -0.047741 -0.000432 -0.014834
v -0.047668 -0.000006 -0.124815
v -0.047652 0.000044 0.054313
v -0.047578 0.000056 -0.128685
v -0.047575 0.000509 -0.124492
v -0.047534 -0.000381 -0.020350
v -0.047526 0.000528 0.054101
v -0.047501 0.000735 -0.134039
v -0.047494 -0.000218 -0.010420
v -0.047490 0.000147 -0.004461
v -0.047474 0.000072 -0.123151
v -0.047443 0.000535 -0.129226
v -0.047422 0.000567 -0.021680
v -0.047420 0.000240 -0.126250
v -0.047386 0.000083 -0.021913
v -0.047384 0.000753 -0.131502
v -0.047364 0.000250 0.052360
v -0.047342 0.000486 -0.004072
v -0.047326 0.000653 0.052907
v -0.047314 0.000520 -0.123057
v -0.047302 -0.000284 0.053794
v -0.047292 0.000323 -0.136527
v -0.047249 -0.000317 -0.124223
v -0.047210 -0.000001 -0.002950
v -0.047191 -0.000273 0.052706
v -0.047181 -0.000182 -0.136277
v -0.047154 -0.000235 -0.004228
v -0.047153 -0.000244 -0.122954
v -0.047007 0.000630 -0.126639
v -0.046992 -0.000300 -0.126354
v -0.046989 0.000339 0.054410
v -0.046978 0.000287 -0.002511
v -0.046961 -0.000352 -0.128987
v -0.046840 -0.000246 -0.021652
v -0.046828 -0.000083 -0.005905
v -0.046824 0.000617 0.054007
v -0.046797 0.000627 -0.136578
v -0.046785 -0.000392 -0.134970
v -0.046767 0.000436 -0.121714
v -0.046754 0.000385 -0.005930
v -0.046733 -0.000391 -0.131845
v -0.046726 -0.000065 0.054152
v -0.046713 0.000753 -0.124558
v -0.046688 0.000315 -0.009706
v -0.046675 0.000691 -0.021383
v -0.046621 -0.000314 -0.002964
v -0.046588 0.000759 -0.135667
v -0.046543 0.000620 -0.002728
v -0.046519 0.000337 -0.021938
v -0.046511 0.000734 0.052820
v -0.046503 -0.000098 -0.121483
v -0.046491 0.000675 -0.005604
v -0.046454 0.000750 -0.003923
v -0.046446 -0.000043 -0.136878
v -0.046402 -0.000071 -0.002397
v -0.046382 -0.000302 -0.005752
v -0.046275 -0.000340 -0.010260
v -0.046244 0.000201 0.053731
v -0.046203 0.000328 -0.002367
v -0.046196 0.000588 0.051681
v -0.046164 0.000697 -0.121868
v -0.046107 0.000094 0.051281
v -0.046085 0.000083 -0.008925
v -0.046078 0.000792 -0.019226
v -0.046028 0.000771 -0.128937
v -0.045994 0.000009 -0.021325
v -0.045946 0.000542 0.053021
v -0.045887 0.000388 -0.136869
v -0.045855 -0.000265 0.051469
v -0.045845 -0.000386 -0.004126
v -0.045774 -0.000365 -0.121761
v -0.045752 -0.000271 0.052464
v -0.045752 0.000545 -0.008772
v -0.045741 0.000145 -0.007017
v -0.045714 -0.000405 -0.124968
v -0.045664 0.000425 -0.120287
v -0.045595 0.000785 -0.133122
v -0.045584 -0.000307 -0.020075
v -0.045544 -0.000230 -0.008379
v -0.045462 -0.000403 -0.128686
v -0.045381 -0.000320 -0.136085
v -0.045368 0.000746 -0.009560
v -0.045357 0.000559 -0.020456
v -0.045270 0.000657 -0.130598
v -0.045223 -0.000185 -0.119801
v -0.045153 -0.000077 -0.136552
v -0.045138 0.000665 -0.136097
v -0.045134 0.000273 -0.118990
v -0.045126 -0.000228 -0.131341
v -0.045122 0.000814 -0.012963
v -0.045075 -0.000241 -0.003287
v -0.045075 0.000697 -0.003618
v -0.045027 0.000367 -0.002961
v -0.045015 0.000708 -0.007593
v -0.045009 -0.000424 -0.018422
v -0.044973 0.000443 0.050238
v -0.044930 -0.000379 -0.133841
v -0.044907 0.000294 0.052050
v -0.044900 -0.000237 -0.129529
v -0.044893 0.000152 -0.130392
v -0.044843 0.000774 -0.126777
v -0.044830 0.000358 -0.131215
v -0.044794 -0.000041 0.049974
v -0.044767 0.000712 -0.005469
v -0.044738 0.000738 -0.123592
v -0.044712 -0.000345 -0.006429
v -0.044679 0.000637 -0.119018
v -0.044665 0.000654 0.051105
v -0.044661 -0.000407 -0.008681
v -0.044599 0.000050 -0.131577
v -0.044591 -0.000098 -0.118552
v -0.044573 0.000040 -0.037897
v -0.044573 0.000341 -0.136090
v -0.044538 0.000114 -0.020314
v -0.044530 0.000816 -0.016809
v -0.044529 0.000424 -0.037911
v -0.044527 0.000400 -0.038606
v -0.044485 0.000005 -0.038682
v -0.044444 -0.000322 -0.122559
v -0.044388 0.000630 -0.132509
v -0.044369 -0.000275 -0.132635
v -0.044366 0.000682 -0.128191
v -0.044352 -0.000127 -0.135601
v -0.044348 0.000696 -0.120580
v -0.044332 0.000460 -0.118298
v -0.044237 -0.000273 -0.038240
v -0.044234 0.000628 -0.038370
v -0.044219 -0.000218 -0.124607
v -0.044218 -0.000346 -0.126193
v -0.044209 0.000247 -0.128682
v -0.044161 -0.000264 -0.127814
v -0.044153 0.000173 0.048720
v -0.044149 0.000653 -0.134293
v -0.044141 0.000000 -0.037686
v -0.044101 -0.000287 -0.120228
v -0.044095 -0.000319 0.050228
v -0.044085 0.000321 -0.038995
v -0.044041 0.000498 -0.122424
v -0.044039 0.000308 -0.124419
v -0.044018 0.000196 -0.132599
v -0.044009 -0.000437 -0.011806
v -0.043991 -0.000316 -0.004635
v -0.043952 0.000009 -0.122510
v -0.043922 -0.000130 -0.038772
v -0.043908 0.000549 -0.127350
v -0.043896 -0.000034 -0.118194
v -0.043892 0.000386 0.050822
v -0.043881 -0.000068 -0.003523
v -0.043880 0.000585 -0.125963
v -0.043851 -0.000300 -0.118673
v -0.043816 -0.000118 -0.133858
v -0.043814 0.000613 0.048806
v -0.043804 0.000510 -0.118309
v -0.043773 0.000347 -0.003391
v -0.043740 0.000388 -0.037846
v -0.043737 -0.000022 -0.125850
v -0.043730 -0.000137 -0.038048
v -0.043730 0.000309 -0.120513
v -0.043700 0.000190 -0.127481
v -0.043699 0.000143 -0.134627
v -0.043688 0.000760 -0.019381
v -0.043654 0.000526 -0.038513
v -0.043651 0.000412 -0.133933
v -0.043615 0.000355 0.047412
v -0.043602 -0.000038 0.050486
v -0.043597 0.000190 -0.038895
v -0.043580 0.000489 -0.119030
v -0.043553 -0.000277 0.048414
v -0.043464 -0.000059 -0.118916
v -0.043418 0.000142 -0.038399
v -0.043393 0.000202 -0.118389
v -0.043259 -0.000434 -0.016580
v -0.043184 -0.000315 -0.019801
v -0.043138 -0.000147 0.046908
v -0.043081 0.000547 -0.020296
v -0.043043 0.000657 0.046955
v -0.043033 0.000106 0.046270
v -0.043022 0.000746 -0.004597
v -0.042965 0.000096 -0.002171
v -0.042931 0.000439 -0.000701
v -0.042909 0.000444 0.046266
v -0.042897 -0.000294 -0.003702
v -0.042895 0.000496 0.049693
v -0.042847 -0.000155 -0.000638
v -0.042787 0.000808 -0.007280
v -0.042677 0.000601 -0.002682
v -0.042666 -0.000425 -0.007477
v -0.042389 0.000097 0.000789
v -0.042350 -0.000297 0.049011
v -0.042327 0.000763 0.047239
v -0.042311 0.000171 -0.020641
v -0.042310 -0.000328 -0.001582
v -0.042281 0.000714 -0.000314
v -0.041991 0.000632 0.000790
v -0.041985 0.000722 0.048434
v -0.041947 -0.000308 0.000556
v -0.041937 0.000749 -0.001629
v -0.041855 0.000237 0.045293
v -0.041698 -0.000210 0.045478
v -0.041677 -0.000384 0.047121
v -0.041640 -0.000006 0.049043
v -0.041510 -0.000203 -0.020366
v -0.041487 0.000682 0.045658
v -0.041434 0.000138 0.001713
v -0.041352 0.000822 -0.010991
v -0.041318 0.000561 -0.020523
v -0.041262 -0.000431 -0.003112
v -0.041087 0.000422 0.004324
v -0.041086 0.000757 -0.019840
v -0.041077 0.000435 0.048627
v -0.041073 -0.000414 -0.018464
v -0.041028 -0.000090 0.004185
v -0.041012 0.000636 0.001762
v -0.040921 0.000098 0.003036
v -0.040911 0.000018 0.005511
v -0.040891 0.000546 0.005127
v -0.040879 -0.000371 0.045246
v -0.040833 -0.000294 0.001951
v -0.040712 -0.000302 0.005051
v -0.040674 -0.000145 0.044063
v -0.040645 0.000821 -0.014621
v -0.040627 0.000460 0.043958
v -0.040616 -0.000320 0.047926
v -0.040597 0.000807 -0.017897
v -0.040585 0.000169 -0.108859
v -0.040510 0.000672 0.003862
v -0.040500 0.000284 -0.132778
v -0.040403 0.000226 -0.020817
v -0.040384 -0.000046 -0.133384
v -0.040351 -0.000051 -0.132138
v -0.040259 0.000357 -0.131804
v -0.040255 0.000810 -0.003894
v -0.040250 0.000358 -0.133720
v -0.040244 0.000479 -0.109550
v -0.040240 -0.000441 -0.012473
v -0.040240 -0.000290 0.006522
v -0.040208 -0.000344 0.003282
v -0.040201 0.000247 0.007388
v -0.040183 -0.000222 -0.108450
v -0.040149 0.000056 -0.107776
v -0.040149 0.000607 -0.133032
v -0.040129 -0.000426 0.000518
v -0.040120 0.000792 0.001779
v -0.040113 0.000559 0.047690
v -0.040078 -0.000138 -0.109677
v -0.040073 -0.000329 -0.020194
v -0.040072 -0.000393 0.005151
v -0.040012 0.000688 0.006581
v -0.040000 -0.000017 0.047882
v -0.039998 0.000577 -0.108140
v -0.039919 -0.000042 -0.134065
v -0.039865 0.000181 -0.110151
v -0.039857 -0.000280 -0.131796
v -0.039838 -0.000266 -0.133226
v -0.039827 0.000616 -0.020818
v -0.039821 0.000757 0.046133
v -0.039728 0.000068 -0.131326
v -0.039714 0.000241 0.042791
v -0.039624 -0.000102 0.042837
v -0.039619 0.000571 -0.131710
v -0.039617 0.000166 -0.134369
v -0.039599 -0.000329 0.046336
v -0.039594 0.000746 0.044019
v -0.039554 -0.000171 0.008143
v -0.039545 0.000505 -0.134018
v -0.039519 -0.000360 0.043646
v -0.039479 0.000578 -0.109689
v -0.039355 -0.000069 -0.134112
v -0.039333 0.000590 0.042720
v -0.039331 -0.000132 -0.109848
v -0.039321 0.000211 -0.110158
v -0.039297 -0.000247 -0.131726
v -0.039267 0.000342 0.009060
v -0.039217 0.000093 -0.133143
v -0.039172 0.000483 -0.132533
v -0.039162 0.000227 -0.133996
v -0.039157 0.000285 -0.106627
v -0.039104 -0.000265 -0.107103
v -0.039073 0.000647 0.008848
v -0.039054 0.000722 -0.108080
v -0.039031 -0.000278 -0.108791
v -0.038947 0.000289 -0.109699
v -0.038946 0.000187 -0.131512
v -0.038934 0.000073 -0.132119
v -0.038788 -0.000064 -0.021763
v -0.038787 0.000760 -0.020158
v -0.038777 0.000548 -0.106779
v -0.038766 0.000331 -0.021881
v -0.038766 0.000625 0.045809
v -0.038762 0.000294 0.041804
v -0.038761 -0.000434 -0.017336
v -0.038755 0.000815 -0.000297
v -0.038700 0.000134 0.046261
v -0.038636 -0.000183 0.009630
v -0.038604 -0.000162 0.041781
v -0.038583 0.000561 -0.108054
v -0.038574 0.000094 -0.108681
v -0.038554 0.000048 -0.106458
v -0.038523 -0.000369 0.008870
v -0.038461 -0.000302 -0.021556
v -0.038427 0.000101 0.040717
v -0.038426 -0.000171 -0.107160
v -0.038389 -0.000443 -0.006642
v -0.038341 0.000187 0.010372
v -0.038332 0.000151 -0.102424
v -0.038324 -0.000413 0.006873
v -0.038292 0.000639 -0.021780
v -0.038227 0.000274 -0.106747
v -0.038202 0.000563 0.040792
v -0.038202 0.000781 0.008022
v -0.038197 0.000189 -0.107375
v -0.038153 -0.000444 -0.001401
v -0.038122 -0.000234 0.040702
v -0.038104 -0.000285 0.044703
v -0.038043 0.000528 -0.102892
v -0.038003 0.000114 -0.103263
v -0.038003 0.000650 0.010047
v -0.037993 -0.000417 -0.019357
v -0.037951 0.000714 0.044217
v -0.037948 -0.000222 -0.102897
v -0.037945 0.000822 -0.008126
v -0.037897 -0.000025 -0.101092
v -0.037845 -0.000034 -0.022777
v -0.037820 -0.000295 -0.101921
v -0.037804 0.000640 -0.101770
v -0.037767 0.000804 0.005255
v -0.037757 0.000507 0.039890
v -0.037693 0.000746 0.041661
v -0.037668 0.000367 -0.022979
v -0.037600 0.000234 -0.098261
v -0.037593 0.000073 0.044783
v -0.037569 0.000646 -0.103014
v -0.037507 0.000271 -0.099739
v -0.037506 -0.000380 0.041429
v -0.037498 -0.000123 -0.099416
v -0.037487 -0.000049 0.039337
v -0.037477 0.000432 0.044390
v -0.037441 -0.000208 -0.103150
v -0.037428 -0.000436 0.003169
v -0.037404 -0.000056 0.011407
v -0.037401 0.000220 -0.103387
v -0.037308 0.000524 0.011322
v -0.037259 0.000641 -0.098532
v -0.037251 -0.000365 0.010606
v -0.037204 -0.000254 -0.098240
v -0.037191 0.000620 -0.100310
v -0.037087 -0.000030 0.043588
v -0.037057 0.000055 0.013770
v -0.036950 0.000656 0.042835
v -0.036887 -0.000095 0.015671
v -0.036882 0.000342 -0.096797
v -0.036869 -0.000278 -0.102524
v -0.036848 0.000807 -0.018641
v -0.036797 -0.000341 -0.100092
v -0.036796 0.000623 0.013013
v -0.036791 0.000545 -0.102683
v -0.036748 0.000535 0.015158
v -0.036721 -0.000318 0.013271
v -0.036707 -0.000292 0.042516
v -0.036684 0.000028 0.038035
v -0.036683 0.000495 0.038178
v -0.036624 -0.000309 0.038756
v -0.036597 0.000646 -0.023293
v -0.036575 0.000050 -0.023756
v -0.036547 0.000104 -0.102846
v -0.036540 -0.000113 -0.096090
v -0.036536 0.000424 0.016251
v -0.036519 0.000239 -0.094550
v -0.036497 0.000190 -0.093006
v -0.036431 -0.000311 -0.023367
v -0.036417 -0.000061 0.016483
v -0.036408 0.000825 -0.012000
v -0.036395 0.000230 0.042725
v -0.036359 -0.000341 0.015797
v -0.036319 -0.000442 -0.011157
v -0.036296 0.000739 -0.100742
v -0.036294 -0.000407 -0.022146
v -0.036233 0.000117 0.036665
v -0.036178 -0.000257 -0.094006
v -0.036150 0.000574 -0.091845
v -0.036144 0.000776 0.011365
v -0.036137 0.000071 -0.090547
v -0.036132 0.000647 -0.095488
v -0.036131 0.000758 0.038830
v -0.036128 0.000647 -0.093516
v -0.036052 0.000785 0.013637
v -0.036037 0.000316 -0.102207
v -0.035978 -0.000253 -0.092079
v -0.035972 0.000463 -0.089729
v -0.035948 0.000402 -0.028763
v -0.035946 0.000204 -0.088689
v -0.035917 0.000079 -0.027893
v -0.035912 -0.000440 -0.014839
v -0.035910 -0.000318 -0.100867
v -0.035904 0.000616 0.036585
v -0.035895 -0.000350 -0.095366
v -0.035798 -0.000095 -0.028694
v -0.035794 -0.000429 0.009798
v -0.035788 0.000749 -0.097634
v -0.035767 0.000555 -0.027973
v -0.035764 0.000002 -0.101558
v -0.035737 0.000371 0.035465
v -0.035721 -0.000325 0.037053
v -0.035683 0.000766 0.041062
v -0.035682 -0.000050 -0.031346
v -0.035626 0.000821 -0.015125
v -0.035590 0.000300 -0.087293
v -0.035564 -0.000225 -0.088700
v -0.035559 0.000220 -0.050740
v -0.035532 0.000446 0.016839
v -0.035526 0.000479 -0.101004
v -0.035521 -0.000332 -0.090556
v -0.035491 0.000448 -0.031619
v -0.035470 -0.000128 -0.087165
v -0.035470 0.000178 -0.029236
v -0.035469 0.000617 -0.028728
v -0.035466 0.000719 -0.089885
v -0.035450 -0.000038 -0.032094
v -0.035442 0.000162 -0.049929
v -0.035411 -0.000006 0.017040
v -0.035381 0.000648 -0.088011
v -0.035379 -0.000088 -0.026908
v -0.035378 -0.000189 0.035172
v -0.035363 0.000791 -0.021993
v -0.035339 -0.000419 0.014056
v -0.035324 0.000162 0.034561
v -0.035319 -0.000349 0.041104
v -0.035292 -0.000018 0.041739
v -0.035290 -0.000049 -0.024703
v -0.035278 0.000421 -0.024785
v -0.035260 0.000084 -0.030981
v -0.035255 0.000562 -0.050594
v -0.035239 -0.000242 -0.028638
v -0.035234 -0.000385 -0.096961
v -0.035231 0.000379 -0.032424
v -0.035199 -0.000338 0.016326
v -0.035198 0.000446 -0.026264
v -0.035181 0.000641 0.034969
v -0.035174 0.000721 -0.024195
v -0.035166 -0.000198 -0.050696
v -0.035159 -0.000283 -0.031534
v -0.035129 0.000772 -0.091766
v -0.035114 0.000161 -0.085886
v -0.035058 0.000562 0.041352
v -0.035042 0.000494 -0.031099
v -0.035010 -0.000347 -0.087419
v -0.034978 -0.000407 0.038891
v -0.034949 0.000027 -0.025682
v -0.034939 0.000631 -0.099502
v -0.034911 -0.000227 -0.049641
v -0.034905 0.000822 0.003710
v -0.034884 0.000491 -0.028663
v -0.034861 0.000385 -0.045753
v -0.034859 -0.000246 -0.098765
v -0.034853 0.000757 0.015931
v -0.034839 0.000021 -0.028896
v -0.034828 0.000017 -0.045680
v -0.034822 0.000625 -0.086175
v -0.034819 -0.000032 -0.099975
v -0.034799 0.000303 -0.051784
v -0.034785 -0.000408 -0.091596
v -0.034767 -0.000226 -0.085658
v -0.034757 0.000272 -0.046872
v -0.034757 0.000778 -0.095540
v -0.034697 0.000355 0.017993
v -0.034683 0.000031 -0.048483
v -0.034682 0.000225 -0.083997
v -0.034673 -0.000289 -0.026619
v -0.034665 -0.000366 -0.023241
v -0.034661 0.000813 0.008459
v -0.034650 0.000022 0.033481
v -0.034613 0.000191 -0.060773
v -0.034585 -0.000405 0.035387
v -0.034583 0.000580 -0.048844
v -0.034563 0.000553 -0.097897
v -0.034553 0.000696 -0.026659
v -0.034550 -0.000402 -0.093938
v -0.034539 0.000343 -0.060346
v -0.034532 -0.000436 -0.018483
v -0.034515 0.000785 0.036640
v -0.034513 0.000204 -0.099321
v -0.034504 -0.000206 -0.046285
v -0.034501 0.000612 -0.045754
v -0.034460 -0.000326 -0.024930
v -0.034427 0.000648 -0.051667
v -0.034417 0.000215 -0.045401
v -0.034393 -0.000065 -0.055382
v -0.034384 0.000265 -0.055936
v -0.034381 0.000188 -0.053977
v -0.034376 -0.000037 -0.060302
v -0.034362 0.000631 -0.032573
v -0.034344 0.000144 -0.052819
v -0.034341 -0.000272 -0.083920
v -0.034316 0.000823 -0.004248
v -0.034307 0.000315 0.031269
v -0.034298 0.000117 -0.082312
v -0.034284 -0.000443 -0.003732
v -0.034278 0.000173 -0.097609
v -0.034247 0.000148 -0.078425
v -0.034241 -0.000423 -0.021988
v -0.034239 -0.000058 0.018852
v -0.034234 0.000205 -0.027941
v -0.034223 0.000635 0.033818
v -0.034217 0.000559 -0.060602
v -0.034193 0.000614 -0.050306
v -0.034175 0.000698 -0.084399
v -0.034163 -0.000141 -0.060711
v -0.034160 -0.000257 -0.096728
v -0.034156 -0.000124 0.031300
v -0.034142 0.000206 -0.033143
v -0.034140 0.000598 -0.055363
v -0.034136 -0.000336 0.017971
v -0.034130 0.000682 -0.046714
v -0.034128 -0.000238 -0.050420
v -0.034110 -0.000233 -0.052265
v -0.034104 0.000575 -0.053060
v -0.034102 0.000666 0.018509
v -0.034090 0.000327 -0.080332
v -0.034065 -0.000264 -0.055908
v -0.034062 0.000537 -0.078105
v -0.034021 -0.000043 0.040535
v -0.033975 -0.000284 -0.053935
v -0.033974 0.000312 0.019577
v -0.033937 -0.000030 -0.056919
v -0.033933 0.000637 -0.082197
v -0.033912 0.000345 0.040460
v -0.033909 0.000285 -0.061045
v -0.033907 -0.000361 0.033605
v -0.033891 -0.000083 -0.045670
v -0.033878 0.000299 -0.049666
v -0.033863 -0.000156 -0.080185
v -0.033843 -0.000305 0.039800
v -0.033829 0.000230 0.030561
v -0.033823 -0.000218 -0.032921
v -0.033812 0.000815 0.012965
v -0.033794 -0.000405 -0.085522
v -0.033762 0.000633 -0.079670
v -0.033751 0.000512 -0.056939
v -0.033750 -0.000300 -0.078136
v -0.033744 0.000252 -0.031003
v -0.033742 0.000637 -0.048315
v -0.033736 -0.000246 -0.031499
v -0.033736 0.000408 -0.077311
v -0.033726 0.000631 0.030963
v -0.033717 -0.000282 -0.048138
v -0.033712 -0.000340 -0.082555
v -0.033704 0.000213 -0.050799
v -0.033685 -0.000295 -0.055859
v -0.033684 -0.000442 0.005187
v -0.033652 0.000247 -0.063980
v -0.033633 0.000664 -0.095641
v -0.033601 -0.000089 -0.077234
v -0.033558 -0.000120 -0.063928
v -0.033556 0.000705 0.039210
v -0.033531 0.000647 -0.031540
v -0.033515 0.000593 -0.054684
v -0.033503 0.000331 -0.096077
v -0.033496 0.000544 -0.056065
v -0.033473 0.000745 0.032293
v -0.033449 0.000311 -0.027756
v -0.033446 -0.000257 0.031055
v -0.033439 0.000345 -0.059669
v -0.033432 0.000010 0.020706
v -0.033422 -0.000443 -0.008140
v -0.033412 -0.000089 -0.054986
v -0.033401 -0.000052 -0.095765
v -0.033397 0.000603 -0.052123
v -0.033390 0.000795 0.017882
v -0.033363 -0.000442 0.001249
v -0.033338 0.000519 -0.046001
v -0.033331 0.000747 -0.093805
v -0.033329 0.000269 0.022186
v -0.033328 0.000344 -0.062125
v -0.033314 0.000511 -0.064538
v -0.033309 -0.000438 0.012229
v -0.033266 0.000215 -0.073155
v -0.033265 -0.000325 0.019906
v -0.033264 0.000750 -0.024836
v -0.033255 -0.000260 -0.094672
v -0.033247 0.000561 0.020725
v -0.033239 -0.000207 -0.052623
v -0.033230 -0.000105 -0.061624
v -0.033227 0.000656 -0.027040
v -0.033217 -0.000010 -0.065562
v -0.033188 0.000148 -0.048221
v -0.033188 0.000223 -0.058270
v -0.033177 -0.000430 0.015901
v -0.033157 -0.000042 -0.031271
v -0.033149 -0.000094 -0.051779
v -0.033123 0.000150 -0.054117
v -0.033091 -0.000311 -0.027025
v -0.033089 -0.000227 0.021782
v -0.033085 0.000299 -0.073879
v -0.033078 -0.000279 -0.057458
v -0.033052 0.000823 -0.000839
v -0.033026 0.000781 -0.087941
v -0.033002 -0.000116 -0.072541
v -0.032993 0.000622 -0.060053
v -0.032983 0.000063 -0.046029
v -0.032969 -0.000046 -0.033506
v -0.032960 -0.000223 -0.059629
v -0.032955 0.000726 -0.077622
v -0.032943 0.000808 -0.023015
v -0.032942 0.000220 -0.052474
v -0.032934 0.000023 -0.056735
v -0.032912 -0.000406 -0.088530
v -0.032908 0.000509 -0.065929
v -0.032885 -0.000339 -0.063479
v -0.032877 0.000158 -0.066399
v -0.032870 0.000626 -0.073509
v -0.032870 0.000818 -0.019951
v -0.032836 -0.000411 -0.024616
v -0.032833 0.000121 -0.076226
v -0.032830 -0.000041 0.023873
v -0.032822 0.000580 -0.094050
v -0.032781 0.000605 -0.072376
v -0.032766 0.000824 -0.008661
v -0.032757 -0.000190 -0.073498
v -0.032740 0.000720 -0.032855
v -0.032727 -0.000321 -0.065338
v -0.032708 0.000608 0.023577
v -0.032695 0.000467 0.030476
v -0.032684 0.000387 0.039340
v -0.032670 0.000445 -0.033417
v -0.032649 0.000789 -0.084405
v -0.032648 0.000151 -0.094163
v -0.032605 0.000297 0.025422
v -0.032566 0.000033 -0.028026
v -0.032557 -0.000323 0.038586
v -0.032556 -0.000222 -0.046388
v -0.032555 0.000263 -0.031566
v -0.032551 -0.000284 -0.092649
v -0.032536 0.000303 -0.071240
v -0.032531 0.000820 -0.016762
v -0.032510 0.000691 -0.062269
v -0.032499 0.000126 -0.074916
v -0.032485 -0.000051 0.026552
v -0.032473 -0.000428 0.035128
v -0.032457 -0.000314 -0.033072
v -0.032451 -0.000146 0.030410
v -0.032437 0.000158 0.027960
v -0.032430 0.000023 0.039197
v -0.032422 0.000656 -0.058285
v -0.032410 0.000453 0.027274
v -0.032400 0.000539 -0.074263
v -0.032390 0.000791 0.019607
v -0.032358 0.000301 -0.046019
v -0.032330 0.000591 -0.075703
v -0.032315 -0.000409 -0.079563
v -0.032285 -0.000443 -0.013553
v -0.032276 -0.000094 -0.070764
v -0.032228 -0.000225 -0.047043
v -0.032218 0.000454 -0.093062
v -0.032210 0.000645 -0.091273
v -0.032205 -0.000353 -0.076833
v -0.032203 0.000039 0.029256
v -0.032199 -0.000406 0.031606
v -0.032185 0.000420 -0.057521
v -0.032179 -0.000364 0.023079
v -0.032164 0.000138 -0.069686
v -0.032158 0.000745 -0.072151
v -0.032141 0.000513 0.029108
v -0.032139 -0.000417 0.020153
v -0.032114 0.000489 -0.027953
v -0.032102 -0.000316 -0.090632
v -0.032099 0.000576 -0.046909
v -0.032085 0.000775 0.031586
v -0.032064 0.000130 -0.047244
v -0.032053 0.000586 -0.032146
v -0.032006 0.000733 -0.064140
v -0.031986 -0.000279 0.027832
v -0.031985 -0.000410 -0.083825
v -0.031980 0.000160 -0.092678
v -0.031945 -0.000366 -0.061991
v -0.031944 0.000417 -0.067524
v -0.031941 0.000008 -0.033462
v -0.031936 0.000598 -0.069630
v -0.031931 -0.000310 0.025345
v -0.031923 0.000786 0.022583
v -0.031897 0.000726 0.025530
v -0.031893 -0.000386 -0.059283
v -0.031876 0.000790 -0.081286
v -0.031828 -0.000270 -0.032364
v -0.031789 0.000043 -0.068378
v -0.031785 0.000803 0.035352
v -0.031770 -0.000263 -0.069588
v -0.031748 -0.000342 -0.071043
v -0.031664 -0.000136 -0.058070
v -0.031647 -0.000251 -0.067243
v -0.031579 -0.000315 -0.074669
v -0.031543 0.000694 -0.067231
v -0.031537 0.000190 -0.090733
v -0.031452 0.000619 -0.046012
v -0.031360 0.000757 0.030242
v -0.031353 0.000763 0.027803
v -0.031321 0.000198 -0.045459
v -0.031234 -0.000398 -0.025904
v -0.031217 0.000795 -0.076830
v -0.031212 0.000731 -0.026961
v -0.031208 0.000649 -0.088709
v -0.031200 -0.000378 0.029664
v -0.031184 0.000205 -0.031604
v -0.031130 0.000012 -0.089640
v -0.031113 0.000702 0.038293
v -0.031111 0.000638 -0.032994
v -0.031087 0.000097 -0.028565
v -0.031079 -0.000305 -0.027627
v -0.031076 0.000457 0.038733
v -0.031073 -0.000272 -0.088529
v -0.031033 -0.000244 -0.033105
v -0.031001 0.000777 -0.073068
v -0.030996 0.000819 0.014741
v -0.030971 0.000823 -0.013729
v -0.030949 0.000434 -0.089185
v -0.030946 -0.000377 -0.086079
v -0.030944 0.000767 -0.059679
v -0.030924 -0.000014 0.038674
v -0.030914 0.000091 -0.046621
v -0.030778 -0.000182 -0.031597
v -0.030777 0.000554 -0.028439
v -0.030747 -0.000404 -0.064608
v -0.030711 0.000794 -0.025111
v -0.030652 0.000646 -0.031958
v -0.030647 0.000073 -0.029831
v -0.030613 -0.000444 -0.006149
v -0.030611 0.000779 -0.069738
v -0.030579 0.000316 -0.088031
v -0.030572 -0.000442 0.008338
v -0.030557 0.000762 -0.084966
v -0.030527 0.000823 0.005238
v -0.030525 -0.000298 -0.058636
v -0.030508 0.000556 -0.029835
v -0.030475 -0.000428 -0.023797
v -0.030457 0.000503 -0.086623
v -0.030401 -0.000264 -0.045565
v -0.030369 0.000610 -0.058437
v -0.030343 0.000159 -0.058108
v -0.030328 0.000788 -0.065006
v -0.030268 0.000396 -0.046531
v -0.030257 0.000574 -0.045087
v -0.030249 0.000146 -0.033455
v -0.030212 -0.000402 -0.072555
v -0.030187 -0.000393 -0.069810
v -0.030183 -0.000313 -0.060755
v -0.030180 -0.000343 -0.084061
v -0.030146 -0.000080 -0.086292
v -0.030138 -0.000357 -0.032216
v -0.030125 -0.000353 -0.062264
v -0.030101 -0.000361 0.037513
v -0.030090 -0.000304 -0.029657
v -0.030070 0.000620 -0.060957
v -0.030040 -0.000402 -0.081413
v -0.030009 -0.000441 -0.020879
v -0.029990 0.000069 -0.044758
v -0.029984 0.000651 -0.083181
v -0.029946 0.000709 -0.062883
v -0.029937 0.000823 0.009645
v -0.029896 0.000747 -0.028093
v -0.029864 0.000234 -0.052326
v -0.029862 0.000717 -0.030122
v -0.029839 0.000066 -0.052704
v -0.029812 0.000710 -0.026503
v -0.029798 0.000820 -0.022670
v -0.029746 -0.000395 -0.077906
v -0.029724 0.000823 0.001445
v -0.029686 0.000306 -0.052901
v -0.029657 0.000761 -0.078353
v -0.029648 -0.000065 -0.052416
v -0.029629 0.000750 -0.070846
v -0.029627 0.000067 -0.061258
v -0.029621 -0.000440 0.017247
v -0.029616 -0.000428 0.026269
v -0.029601 0.000650 0.037874
v -0.029600 0.000505 -0.084073
v -0.029572 -0.000442 0.004030
v -0.029568 -0.000104 -0.083086
v -0.029543 -0.000441 -0.017592
v -0.029496 0.000789 -0.067652
v -0.029477 0.000242 -0.083100
v -0.029476 0.000490 -0.052578
v -0.029473 -0.000443 0.013486
v -0.029458 -0.000426 0.035335
v -0.029446 -0.000442 -0.010577
v -0.029421 0.000590 -0.085110
v -0.029390 0.000348 0.038089
v -0.029384 0.000032 -0.046961
v -0.029380 -0.000183 -0.085023
v -0.029345 0.000121 -0.060406
v -0.029333 0.000092 -0.052722
v -0.029300 -0.000196 0.037842
v -0.029294 0.000392 -0.062485
v -0.029270 0.000230 -0.085392
v -0.029266 0.000624 -0.081874
v -0.029250 0.000213 -0.052439
v -0.029198 -0.000130 -0.058629
v -0.029188 -0.000286 -0.063299
v -0.029169 -0.000386 -0.027855
v -0.029165 -0.000305 -0.081932
v -0.029163 0.000527 -0.046878
v -0.029137 0.000823 -0.009712
v -0.029129 0.000527 -0.031682
v -0.029119 0.000156 -0.084523
v -0.029119 0.000615 -0.059521
v -0.029113 -0.000011 -0.062656
v -0.029097 -0.000258 -0.059365
v -0.029069 0.000722 -0.032799
v -0.029062 0.000228 -0.031177
v -0.029054 -0.000212 -0.030553
v -0.029045 0.000821 0.018690
v -0.029035 0.000823 -0.018734
v -0.029022 -0.000125 -0.031780
v -0.029006 -0.000404 -0.067126
v -0.028986 0.000600 -0.033912
v -0.028954 -0.000443 -0.001125
v -0.028894 -0.000256 -0.078891
v -0.028893 0.000766 0.036543
v -0.028874 -0.000315 -0.080383
v -0.028874 0.000338 -0.082158
v -0.028868 0.000143 -0.034362
v -0.028856 -0.000317 -0.033557
v -0.028847 0.000488 -0.030410
v -0.028843 -0.000348 -0.075014
v -0.028825 -0.000141 -0.077240
v -0.028814 0.000196 -0.044745
v -0.028799 0.000734 -0.074830
v -0.028768 -0.000281 -0.046743
v -0.028753 -0.000044 -0.081853
v -0.028746 0.000522 -0.076811
v -0.028690 0.000553 -0.080292
v -0.028689 0.000451 -0.078615
v -0.028666 0.000818 0.024300
v -0.028643 -0.000284 -0.045231
v -0.028578 0.000651 -0.045311
v -0.028575 0.000783 -0.072179
v -0.028553 -0.000409 -0.026186
v -0.028549 -0.000428 0.033048
v -0.028546 0.000817 0.028765
v -0.028509 0.000136 -0.079218
v -0.028501 0.000810 0.032508
v -0.028479 0.000018 -0.080455
v -0.028415 0.000375 -0.035936
v -0.028370 0.000179 -0.059956
v -0.028368 0.000479 -0.063249
v -0.028301 0.000800 -0.069331
v -0.028294 -0.000367 -0.064428
v -0.028290 -0.000436 0.021149
v -0.028258 0.000142 -0.047966
v -0.028234 0.000172 -0.058908
v -0.028233 0.000770 -0.064145
v -0.028222 0.000824 -0.003379
v -0.028220 -0.000200 -0.035530
v -0.028149 -0.000413 -0.070768
v -0.028142 0.000098 -0.030736
v -0.028113 -0.000028 -0.036624
v -0.028112 0.000424 -0.075068
v -0.028078 -0.000316 -0.032807
v -0.028064 0.000671 -0.036035
v -0.028050 0.000013 -0.075029
v -0.027993 0.000580 -0.047766
v -0.027876 0.000028 0.037329
v -0.027862 0.000720 -0.033939
v -0.027835 0.000804 -0.066571
v -0.027801 0.000200 -0.060431
v -0.027775 0.000427 -0.037078
v -0.027744 0.000196 -0.031867
v -0.027713 0.000137 -0.062548
v -0.027702 -0.000336 0.036448
v -0.027670 0.000513 -0.059674
v -0.027634 -0.000314 -0.034302
v -0.027605 0.000466 0.037061
v -0.027600 -0.000350 -0.073125
v -0.027580 0.000631 -0.048710
v -0.027548 -0.000051 -0.049165
v -0.027547 0.000369 -0.049264
v -0.027533 0.000196 -0.058655
v -0.027490 0.000624 -0.030793
v -0.027465 0.000781 -0.029217
v -0.027454 0.000750 -0.047089
v -0.027431 -0.000144 -0.060149
v -0.027414 -0.000284 -0.048367
v -0.027398 0.000626 -0.035874
v -0.027351 -0.000275 -0.037071
v -0.027334 -0.000285 -0.031010
v -0.027325 0.000808 -0.025984
v -0.027319 0.000078 -0.045466
v -0.027255 -0.000444 -0.006879
v -0.027243 -0.000114 -0.061306
v -0.027237 -0.000296 -0.046028
v -0.027192 0.000665 -0.062773
v -0.027135 -0.000219 -0.036342
v -0.027135 0.000679 -0.045992
v -0.027113 -0.000400 -0.029663
v -0.027112 0.000052 -0.057709
v -0.027111 0.000211 -0.035066
v -0.027083 0.000552 -0.058351
v -0.027083 0.000701 -0.032370
v -0.027079 0.000108 -0.038018
v -0.027042 0.000667 -0.037397
v -0.027028 0.000443 -0.073496
v -0.027025 -0.000325 -0.062912
v -0.027000 -0.000123 -0.073593
v -0.026993 0.000057 -0.094607
v -0.026975 -0.000406 -0.068897
v -0.026926 -0.000274 -0.058505
v -0.026830 0.000454 -0.094466
v -0.026804 -0.000439 0.028902
v -0.026787 0.000566 -0.057070
v -0.026738 0.000390 -0.045965
v -0.026716 0.000706 -0.061042
v -0.026706 -0.000339 -0.032249
v -0.026694 -0.000069 -0.034434
v -0.026687 0.000371 -0.056138
v -0.026659 0.000402 -0.038340
v -0.026591 -0.000223 -0.094632
v -0.026588 -0.000086 -0.038308
v -0.026575 0.000116 -0.094063
v -0.026567 -0.000331 -0.047349
v -0.026553 -0.000308 -0.056765
v -0.026519 0.000421 -0.095099
v -0.026511 0.000652 -0.049306
v -0.026494 0.000181 -0.036608
v -0.026489 0.000821 -0.023020
v -0.026483 -0.000015 -0.095215
v -0.026424 -0.000036 -0.055589
v -0.026402 0.000671 0.035979
v -0.026401 -0.000442 -0.012968
v -0.026358 0.000753 -0.058465
v -0.026349 -0.000353 0.035858
v -0.026321 0.000823 0.002826
v -0.026287 0.000681 -0.033821
v -0.026280 0.000232 -0.049895
v -0.026261 0.000824 0.013180
v -0.026231 0.000700 -0.072341
v -0.026215 -0.000278 -0.049456
v -0.026214 0.000823 0.020777
v -0.026172 0.000793 -0.069041
v -0.026156 -0.000398 -0.060685
v -0.026154 -0.000321 -0.033945
v -0.026124 -0.000011 0.036496
v -0.026047 -0.000406 -0.057384
v -0.026046 -0.000062 -0.047014
v -0.026043 0.000264 -0.054590
v -0.026029 0.000189 -0.034872
v -0.025954 -0.000271 -0.037772
v -0.025914 0.000803 -0.064446
v -0.025910 0.000824 -0.016458
v -0.025899 0.000666 -0.047637
v -0.025863 0.000579 -0.037194
v -0.025856 0.000090 -0.038566
v -0.025852 0.000643 -0.055291
v -0.025844 0.000614 -0.038369
v -0.025824 -0.000317 -0.072475
v -0.025811 -0.000443 0.010881
v -0.025791 0.000463 -0.095115
v -0.025784 0.000823 -0.007339
v -0.025683 -0.000239 -0.094114
v -0.025665 0.000252 -0.093700
v -0.025651 -0.000067 -0.095117
v -0.025596 -0.000442 -0.018977
v -0.025510 0.000588 -0.094076
v -0.025486 0.000023 -0.053644
v -0.025418 -0.000439 -0.023469
v -0.025403 -0.000379 0.034963
v -0.025386 0.000119 -0.036394
v -0.025324 0.000547 -0.035211
v -0.025322 0.000226 -0.047516
v -0.025314 0.000539 -0.053618
v -0.025289 -0.000419 -0.065791
v -0.025250 -0.000337 -0.070305
v -0.025215 0.000428 -0.072889
v -0.025214 -0.000349 -0.054662
v -0.025177 0.000823 0.017168
v -0.025172 -0.000442 -0.002799
v -0.025157 -0.000280 -0.048228
v -0.025155 -0.000441 0.006378
v -0.025143 0.000787 -0.031644
v -0.025093 0.000610 -0.069457
v -0.025059 0.000305 -0.094768
v -0.025034 -0.000047 -0.072781
v -0.025020 0.000822 0.027113
v -0.025013 0.000824 -0.012209
v -0.025010 -0.000057 -0.093800
v -0.024999 0.000821 0.007112
v -0.024978 0.000345 0.035897
v -0.024970 -0.000192 -0.049698
v -0.024968 -0.000150 -0.069331
v -0.024935 0.000802 0.034230
v -0.024899 -0.000075 -0.094451
v -0.024894 -0.000387 -0.033797
v -0.024869 0.000327 -0.093939
v -0.024839 -0.000048 0.035778
v -0.024820 -0.000413 -0.031825
v -0.024812 0.000267 -0.069220
v -0.024776 -0.000309 -0.035460
v -0.024739 -0.000442 0.001728
v -0.024731 0.000733 -0.067289
v -0.024728 0.000697 -0.071510
v -0.024697 0.000526 -0.049952
v -0.024645 0.000462 -0.070174
v -0.024643 0.000214 -0.038515
v -0.024607 -0.000196 -0.037511
v -0.024607 0.000811 -0.061064
v -0.024598 -0.000441 0.024203
v -0.024597 0.000480 -0.052502
v -0.024558 0.000665 -0.036137
v -0.024510 -0.000298 -0.067488
v -0.024438 -0.000435 0.031795
v -0.024437 0.000548 -0.048028
v -0.024431 0.000273 -0.051485
v -0.024422 -0.000219 -0.052341
v -0.024411 -0.000090 -0.050477
v -0.024378 0.000034 -0.042386
v -0.024373 -0.000436 -0.028051
v -0.024347 0.000647 0.035309
v -0.024252 0.000053 -0.040177
v -0.024241 0.000526 -0.041450
v -0.024233 -0.000443 0.016227
v -0.024214 -0.000026 -0.067823
v -0.024202 0.000685 -0.034180
v -0.024158 0.000494 -0.043521
v -0.024104 0.000756 -0.053198
v -0.024098 0.000410 -0.039506
v -0.024069 0.000653 -0.051037
v -0.024048 0.000396 -0.044573
v -0.024038 0.000756 -0.048837
v -0.024008 0.000404 -0.067304
v -0.024003 0.000365 -0.072117
v -0.023988 -0.000431 -0.057382
v -0.023975 -0.000308 -0.071655
v -0.023943 0.000050 -0.044676
v -0.023924 -0.000286 -0.040934
v -0.023915 0.000613 -0.038419
v -0.023873 -0.000315 -0.043147
v -0.023872 0.000005 -0.070350
v -0.023866 0.000678 -0.065807
v -0.023849 0.000805 -0.057358
v -0.023844 -0.000285 -0.065997
v -0.023810 0.000067 -0.047712
v -0.023785 -0.000366 -0.050168
v -0.023699 -0.000318 0.035049
v -0.023664 -0.000316 -0.070847
v -0.023634 0.000648 -0.044575
v -0.023631 0.000824 -0.020653
v -0.023560 0.000117 0.035509
v -0.023554 0.000709 -0.040199
v -0.023549 0.000746 -0.042589
v -0.023533 -0.000297 -0.044780
v -0.023532 -0.000401 -0.033820
v -0.023519 0.000243 -0.066213
v -0.023433 0.000819 0.029934
v -0.023424 0.000594 -0.070681
v -0.023412 -0.000302 -0.038860
v -0.023275 -0.000410 -0.052721
v -0.023247 0.000073 -0.046362
v -0.023221 0.000713 -0.037292
v -0.023188 -0.000346 -0.064713
v -0.023159 0.000823 -0.000484
v -0.023156 -0.000417 0.033809
v -0.023138 -0.000427 -0.060905
v -0.023137 0.000753 -0.050216
v -0.023130 -0.000340 -0.037172
v -0.023110 0.000021 -0.071686
v -0.023065 -0.000352 -0.048111
v -0.023016 -0.000442 0.020556
v -0.022997 0.000726 -0.035149
v -0.022976 0.000517 -0.071400
v -0.022976 0.000791 -0.063662
v -0.022971 0.000657 -0.047720
v -0.022878 0.000823 -0.024974
v -0.022816 -0.000443 -0.008064
v -0.022804 0.000424 0.034931
v -0.022727 -0.000414 -0.050840
v -0.022726 -0.000387 -0.042473
v -0.022712 0.000630 -0.046133
v -0.022692 -0.000345 0.034388
v -0.022690 -0.000331 -0.046287
v -0.022664 0.000027 -0.070121
v -0.022652 0.000806 -0.055252
v -0.022625 -0.000271 -0.070507
v -0.022608 0.000784 -0.033029
v -0.022599 0.000347 -0.070178
v -0.022598 -0.000443 -0.014061
v -0.022531 -0.000202 -0.071098
v -0.022522 0.000824 0.020009
v -0.022347 0.000757 0.033689
v -0.022315 0.000585 -0.070643
v -0.022283 0.000006 -0.064855
v -0.022239 -0.000423 -0.032328
v -0.022232 -0.000411 -0.035645
v -0.022207 0.000822 0.011130
v -0.022193 -0.000015 0.034698
v -0.022181 0.000762 -0.041952
v -0.022145 0.000219 -0.071048
v -0.022096 -0.000007 -0.070441
v -0.022039 -0.000403 -0.044313
v -0.022037 -0.000390 -0.040607
v -0.022036 -0.000422 -0.055017
v -0.022023 0.000539 -0.064575
v -0.021977 0.000824 -0.004261
v -0.021962 -0.000340 -0.063667
v -0.021907 0.000819 -0.029480
v -0.021858 0.000776 -0.039543
v -0.021831 0.000822 0.003193
v -0.021791 0.000823 0.024301
v -0.021650 0.000804 -0.059563
v -0.021630 0.000748 -0.063585
v -0.021617 0.000776 -0.044313
v -0.021603 -0.000441 0.012160
v -0.021563 -0.000443 -0.019180
v -0.021562 -0.000413 -0.049298
v -0.021508 0.000808 -0.052601
v -0.021453 0.000805 -0.049321
v -0.021435 0.000788 -0.037249
v -0.021385 0.000823 0.016382
v -0.021375 -0.000438 0.028722
v -0.021290 -0.000416 -0.047182
v -0.021240 0.000824 -0.017054
v -0.021178 -0.000411 -0.043679
v -0.021166 0.000590 0.034262
v -0.021059 0.000824 -0.008287
v -0.021032 -0.000443 -0.003040
v -0.020939 -0.000441 -0.028656
v -0.020907 -0.000442 -0.023855
v -0.020880 -0.000288 0.034136
v -0.020791 -0.000399 0.032301
v -0.020784 -0.000421 -0.038824
v -0.020751 0.000061 -0.064201
v -0.020711 -0.000441 0.007880
v -0.020699 0.000168 0.034509
v -0.020665 -0.000284 -0.063720
v -0.020614 -0.000442 0.002404
v -0.020605 -0.000431 -0.052060
v -0.020542 0.000807 -0.033658
v -0.020518 -0.000400 -0.058377
v -0.020446 0.000822 0.007452
v -0.020438 -0.000404 -0.061619
v -0.020383 0.000808 0.031190
v -0.020306 0.000794 -0.046545
v -0.020294 0.000767 -0.061540
v -0.020255 0.000374 -0.063944
v -0.020144 0.000807 -0.041502
v -0.020083 0.000682 -0.063263
v -0.019962 0.000799 -0.056564
v -0.019898 -0.000396 -0.045704
v -0.019836 0.000708 -0.059883
v -0.019737 -0.000302 -0.060303
v -0.019543 0.000734 0.033434
v -0.019410 -0.000308 -0.062170
v -0.019399 0.000466 -0.060930
v -0.019380 -0.000069 0.034107
v -0.019349 0.000017 -0.060745
v -0.019347 -0.000443 0.018944
v -0.019312 0.000447 0.034059
v -0.019297 0.000824 -0.022811
v -0.019252 0.000625 -0.062184
v -0.019199 -0.000007 -0.062850
v -0.019170 -0.000443 0.023503
v -0.019154 0.000445 -0.062969
v -0.019134 0.000798 -0.053764
v -0.019081 -0.000183 -0.059128
v -0.019060 -0.000403 -0.053466
v -0.019024 0.000376 -0.059435
v -0.018916 0.000824 -0.012741
v -0.018908 0.000226 -0.062170
v -0.018884 -0.000398 -0.055730
v -0.018846 -0.000440 0.015039
v -0.018723 -0.000428 -0.042205
v -0.018688 -0.000444 -0.011817
v -0.018595 -0.000379 -0.058130
v -0.018587 0.000691 -0.058759
v -0.018569 0.000822 0.028237
v -0.018563 -0.000441 -0.030253
v -0.018544 0.000810 -0.049861
v -0.018530 -0.000434 -0.035029
v -0.018413 -0.000326 0.033602
v -0.018396 0.000824 -0.027519
v -0.018371 0.000821 0.014402
v -0.018154 0.000808 -0.038514
v -0.018120 -0.000392 -0.046356
v -0.018087 -0.000424 -0.049174
v -0.018011 0.000825 0.021569
v -0.018005 0.000815 -0.035184
v -0.017942 0.000805 -0.044546
v -0.017916 0.000781 -0.046571
v -0.017880 0.000766 -0.055208
v -0.017878 0.000822 0.010429
v -0.017859 0.000824 -0.000603
v -0.017850 0.000787 -0.052716
v -0.017826 -0.000445 -0.024848
v -0.017805 -0.000427 0.031648
v -0.017798 -0.000291 -0.054131
v -0.017765 0.000686 0.033681
v -0.017744 0.000275 -0.059292
v -0.017696 -0.000430 -0.039036
v -0.017693 -0.000441 0.011401
v -0.017559 0.000167 0.034169
v -0.017552 -0.000443 -0.007268
v -0.017335 0.000800 0.032295
v -0.017311 -0.000285 -0.058974
v -0.017233 -0.000406 -0.044789
v -0.017192 -0.000443 -0.015443
v -0.017189 0.000765 -0.058035
v -0.017090 -0.000443 -0.001169
v -0.017046 -0.000441 0.003759
v -0.016997 -0.000368 -0.055411
v -0.016922 -0.000443 -0.019913
v -0.016890 0.000824 0.018429
v -0.016843 0.000822 0.004807
v -0.016823 0.000811 -0.042450
v -0.016811 0.000825 -0.005991
v -0.016810 -0.000442 0.027691
v -0.016799 0.000579 -0.058985
v -0.016793 -0.000396 -0.052141
v -0.016792 -0.000417 -0.045934
v -0.016767 -0.000383 -0.057470
v -0.016674 0.000037 -0.059194
v -0.016669 0.000731 -0.053598
v -0.016634 0.000823 -0.017385
v -0.016211 0.000792 -0.047420
v -0.016078 -0.000413 -0.047724
v -0.015917 -0.000327 -0.053893
v -0.015912 -0.000369 -0.050223
v -0.015909 0.000557 -0.055289
v -0.015890 0.000775 -0.050983
v -0.015805 0.000624 0.033770
v -0.015803 -0.000199 -0.055069
v -0.015771 0.000782 -0.045342
v -0.015738 -0.000106 0.033975
v -0.015711 0.000348 0.034060
v -0.015696 0.000824 0.024546
v -0.015627 0.000823 -0.030913
v -0.015564 -0.000352 0.033277
v -0.015561 0.000794 -0.049222
v -0.015524 0.000823 -0.009564
v -0.015462 0.000536 -0.053918
v -0.015391 0.000176 -0.054678
v -0.015383 -0.000441 0.008033
v -0.015367 0.000632 -0.058144
v -0.015322 0.000339 -0.058497
v -0.015314 -0.000193 -0.058066
v -0.015276 -0.000421 -0.043673
v -0.015242 0.000628 -0.052551
v -0.015163 0.000027 -0.053466
v -0.015149 -0.000436 -0.040454
v -0.015113 -0.000015 -0.055725
v -0.015105 -0.000311 -0.056696
v -0.015033 0.000639 -0.056707
v -0.014947 0.000824 -0.025768
v -0.014920 -0.000356 -0.045678
v -0.014798 -0.000228 -0.052301
v -0.014785 0.000312 -0.057808
v -0.014744 0.000302 -0.056235
v -0.014662 0.000814 -0.039774
v -0.014625 -0.000043 -0.056868
v -0.014587 -0.000376 -0.048219
v -0.014586 -0.000438 -0.036370
v -0.014546 0.000693 -0.047722
v -0.014520 -0.000441 -0.031849
v -0.014359 0.000148 0.033917
v -0.014328 0.000685 -0.046077
v -0.014324 0.000206 -0.052233
v -0.014297 -0.000442 0.015742
v -0.014271 -0.000443 0.025037
v -0.014271 -0.000376 -0.050757
v -0.014266 0.000535 0.033749
v -0.014243 0.000756 0.032945
v -0.014147 0.000819 -0.035350
v -0.014094 0.000822 0.012300
v -0.013984 -0.000443 -0.026847
v -0.013924 0.000824 -0.021660
v -0.013891 0.000821 0.001897
v -0.013870 0.000761 -0.043629
v -0.013721 0.000629 -0.044610
v -0.013720 0.000821 0.008232
v -0.013706 -0.000442 0.020198
v -0.013691 -0.000434 0.030465
v -0.013563 -0.000443 -0.005889
v -0.013561 -0.000336 0.033428
v -0.013539 -0.000335 -0.046653
v -0.013533 0.000821 0.028534
v -0.013518 -0.000441 0.011705
v -0.013436 0.000177 -0.044904
v -0.013408 -0.000442 -0.000580
v -0.013346 0.000663 -0.051090
v -0.013321 -0.000281 -0.044024
v -0.013304 -0.000019 -0.045951
v -0.013266 -0.000443 -0.011572
v -0.013126 -0.000443 -0.022476
v -0.013117 0.000405 -0.046184
v -0.013088 0.000822 -0.002433
v -0.013069 0.000823 0.016580
v -0.013059 0.000498 0.034099
v -0.012950 0.000766 -0.049058
v -0.012832 -0.000168 -0.051070
v -0.012813 -0.000382 -0.048888
v -0.012790 -0.000061 0.034247
v -0.012746 0.000823 -0.014090
v -0.012714 -0.000443 -0.017028
v -0.012576 0.000381 -0.044215
v -0.012571 0.000633 -0.047440
v -0.012567 0.000806 -0.039108
v -0.012540 0.000822 -0.006238
v -0.012529 0.000246 -0.051191
v -0.012505 -0.000198 -0.047288
v -0.012450 0.000822 0.020529
v -0.012417 -0.000405 -0.042655
v -0.012178 0.000325 -0.047356
v -0.012145 -0.000440 0.004567
v -0.011914 -0.000089 -0.044355
v -0.011906 0.000763 -0.042834
v -0.011863 0.000762 0.033602
v -0.011855 -0.000079 -0.048532
v -0.011815 0.000824 -0.018492
v -0.011753 0.000821 0.004949
v -0.011748 -0.000423 -0.037878
v -0.011725 -0.000024 -0.050684
v -0.011688 0.000475 -0.048718
v -0.011651 -0.000427 -0.040162
v -0.011589 -0.000345 0.034020
v -0.011581 0.000635 -0.050102
v -0.011548 -0.000273 -0.050022
v -0.011479 0.000824 -0.028350
v -0.011466 0.000667 -0.049332
v -0.011392 -0.000240 -0.049401
v -0.011339 0.000481 -0.044784
v -0.011322 0.000490 0.034399
v -0.011218 0.000105 -0.045200
v -0.011205 -0.000075 0.034458
v -0.011201 0.000221 -0.050217
v -0.011036 0.000479 -0.049735
v -0.011010 0.000814 0.031853
v -0.010987 0.000822 -0.032159
v -0.010985 0.000165 -0.049469
v -0.010933 0.000818 -0.036690
v -0.010914 0.000824 0.024152
v -0.010826 -0.000266 -0.044904
v -0.010742 -0.000443 0.023731
v -0.010605 -0.000441 0.008809
v -0.010587 -0.000443 -0.030304
v -0.010540 0.000223 -0.045483
v -0.010137 -0.000439 -0.034620
v -0.010110 0.000807 -0.039603
v -0.010088 -0.000442 0.028368
v -0.010024 0.000822 0.009001
v -0.010003 0.000631 -0.044962
v -0.009986 -0.000309 0.034464
v -0.009952 -0.000443 -0.020223
v -0.009887 0.000821 -0.004707
v -0.009869 -0.000385 -0.043749
v -0.009866 -0.000439 0.013020
v -0.009865 0.000790 -0.042583
v -0.009848 0.000821 0.001560
v -0.009838 0.000688 0.034350
v -0.009775 -0.000204 -0.045142
v -0.009767 -0.000441 -0.004368
v -0.009761 0.000101 0.034869
v -0.009749 0.000229 -0.045483
v -0.009633 0.000824 -0.010247
v -0.009604 0.000825 -0.024945
v -0.009590 0.000820 0.013386
v -0.009572 -0.000419 -0.040834
v -0.009045 -0.000433 -0.038215
v -0.008961 -0.000442 -0.009284
v -0.008952 0.000204 -0.044884
v -0.008946 -0.000421 0.033271
v -0.008861 -0.000441 0.017415
v -0.008847 -0.000439 0.000871
v -0.008400 0.000824 -0.020626
v -0.008391 0.000687 -0.044155
v -0.008386 -0.000141 -0.044592
v -0.008368 -0.000348 -0.042823
v -0.008362 -0.000444 -0.026060
v -0.008236 0.000824 0.026746
v -0.008210 0.000435 0.034978
v -0.008207 -0.000443 -0.015050
v -0.008194 -0.000227 0.034816
v -0.007999 0.000764 -0.041965
v -0.007951 0.000269 -0.045031
v -0.007878 -0.000332 -0.044105
v -0.007764 -0.000443 0.022122
v -0.007741 0.000822 -0.001436
v -0.007697 0.000787 0.034071
v -0.007455 0.000821 0.017707
v -0.007327 0.000823 0.021986
v -0.007272 -0.000415 -0.040796
v -0.007155 -0.000439 0.009907
v -0.007014 0.000421 -0.045855
v -0.007007 0.000798 -0.039142
v -0.006963 0.000006 -0.045949
v -0.006898 0.000818 -0.035870
v -0.006858 -0.000437 0.005926
v -0.006828 0.000826 0.005808
v -0.006759 -0.000335 0.035307
v -0.006722 0.000642 -0.045759
v -0.006658 0.000697 0.035361
v -0.006577 -0.000082 0.035780
v -0.006564 0.000824 -0.015685
v -0.006558 0.000332 0.035858
v -0.006543 0.000785 -0.044869
v -0.006543 0.000823 -0.029771
v -0.006524 -0.000323 -0.045563
v -0.006504 0.000823 -0.005555
v -0.006430 0.000822 0.010204
v -0.006311 -0.000416 -0.042905
v -0.006296 -0.000412 -0.039233
v -0.006211 -0.000442 -0.007727
v -0.006180 0.000749 -0.040793
v -0.006152 0.000823 0.030960
v -0.006081 0.000308 -0.047039
v -0.006063 -0.000442 -0.031992
v -0.006047 -0.000443 0.026592
v -0.005907 0.000143 -0.048317
v -0.005711 -0.000177 -0.047017
v -0.005574 0.000792 -0.042720
v -0.005539 0.000646 -0.047182
v -0.005511 0.000543 -0.048417
v -0.005460 -0.000090 -0.048781
v -0.005439 -0.000285 -0.048205
v -0.005357 -0.000382 -0.041058
v -0.005270 -0.000442 -0.011354
v -0.005210 -0.000434 -0.035743
v -0.005192 -0.000444 -0.020714
v -0.005179 0.000291 -0.049020
v -0.005173 0.000601 0.035777
v -0.005082 -0.000251 0.035771
v -0.004989 0.000824 -0.024525
v -0.004969 -0.000351 -0.045183
v -0.004914 0.000823 -0.019682
v -0.004862 0.000823 -0.010262
v -0.004848 0.000141 0.036046
v -0.004795 -0.000440 0.014727
v -0.004790 0.000756 -0.044502
v -0.004770 -0.000442 0.031289
v -0.004728 0.000741 -0.046877
v -0.004658 -0.000442 -0.002743
v -0.004614 -0.000363 -0.039842
v -0.004582 -0.000347 -0.046725
v -0.004547 0.000798 0.034568
v -0.004523 0.000820 0.002929
v -0.004491 0.000749 -0.038664
v -0.004406 -0.000438 0.002642
v -0.004384 -0.000443 -0.025597
v -0.004381 0.000750 -0.040654
v -0.004295 0.000823 0.025963
v -0.004281 -0.000393 0.034916
v -0.004272 -0.000315 -0.048658
v -0.004232 -0.000440 0.019477
v -0.004104 0.000824 0.007642
v -0.003992 0.000568 -0.049024
v -0.003915 0.000063 -0.049316
v -0.003879 0.000821 0.014964
v -0.003727 -0.000395 -0.038228
v -0.003718 -0.000195 -0.039204
v -0.003693 0.000418 -0.046014
v -0.003682 0.000030 -0.045477
v -0.003645 -0.000309 -0.044522
v -0.003611 0.000382 -0.039785
v -0.003519 0.000720 0.035626
v -0.003452 -0.000135 0.035901
v -0.003434 0.000607 -0.044569
v -0.003432 -0.000364 -0.041039
v -0.003395 -0.000377 -0.043104
v -0.003380 0.000404 0.035974
v -0.003365 0.000120 -0.053646
v -0.003299 -0.000438 0.006638
v -0.003272 0.000804 -0.036635
v -0.003266 -0.000278 -0.047083
v -0.003188 0.000396 -0.052990
v -0.003172 0.000653 -0.047160
v -0.003170 0.000821 -0.002147
v -0.003152 -0.000019 -0.052941
v -0.003100 0.000013 -0.040262
v -0.003089 0.000749 -0.043166
v -0.003020 0.000266 -0.039009
v -0.003010 -0.000049 -0.046736
v -0.002999 -0.000443 -0.015049
v -0.002880 0.000728 -0.048595
v -0.002867 0.000614 -0.053352
v -0.002828 0.000685 -0.038442
v -0.002785 0.000823 0.020548
v -0.002740 0.000206 -0.054029
v -0.002704 -0.000443 -0.029781
v -0.002686 0.000821 -0.033285
v -0.002646 -0.000239 -0.053591
v -0.002614 -0.000075 -0.044088
v -0.002566 0.000440 -0.044081
v -0.002491 0.000195 -0.047423
v -0.002472 0.000137 -0.049470
v -0.002422 -0.000442 0.024496
v -0.002330 0.000822 -0.006511
v -0.002259 -0.000340 0.035671
v -0.002244 0.000538 -0.048016
v -0.002210 0.000140 -0.051891
v -0.002163 -0.000297 -0.048903
v -0.002094 0.000566 -0.053418
v -0.002092 0.000130 -0.053689
v -0.002034 0.000824 -0.028248
v -0.002003 -0.000441 -0.007364
v -0.001983 0.000637 -0.040867
v -0.001930 0.000087 -0.040352
v -0.001887 0.000576 -0.051879
v -0.001870 -0.000431 0.033768
v -0.001842 -0.000193 -0.038888
v -0.001825 -0.000012 -0.047967
v -0.001785 0.000511 -0.049524
v -0.001752 -0.000441 0.011531
v -0.001751 -0.000225 -0.051903
v -0.001743 0.000434 -0.039142
v -0.001687 -0.000440 -0.000181
v -0.001673 0.000822 0.010386
v -0.001556 -0.000442 0.029277
v -0.001553 0.000660 -0.052383
v -0.001532 -0.000439 -0.011445
v -0.001518 0.000180 -0.039817
v -0.001481 -0.000443 -0.023206
v -0.001458 -0.000287 -0.043370
v -0.001454 -0.000441 -0.033786
v -0.001398 -0.000146 -0.052511
v -0.001388 0.000266 -0.050722
v -0.001373 -0.000320 -0.040938
v -0.001304 0.000822 0.030237
v -0.001290 -0.000114 -0.050019
v -0.001245 0.000821 -0.013353
v -0.001244 0.000823 -0.017538
v -0.001207 0.000651 -0.048541
v -0.001191 0.000786 0.035123
v -0.001179 0.000306 -0.043994
v -0.001149 0.000820 -0.009974
v -0.001130 -0.000039 0.036513
v -0.001130 0.000642 0.036272
v -0.001100 0.000770 -0.038210
v -0.000966 0.000823 0.024709
v -0.000877 0.000377 -0.052045
v -0.000870 0.000277 -0.065456
v -0.000850 -0.000421 -0.037231
v -0.000842 0.000156 -0.066093
v -0.000750 0.000821 0.001250
v -0.000733 0.000282 -0.059477
v -0.000731 0.000296 -0.047853
v -0.000716 0.000686 -0.043691
v -0.000631 -0.000011 -0.058851
v -0.000573 0.000380 0.036634
v -0.000561 -0.000081 -0.059721
v -0.000555 -0.000200 -0.065401
v -0.000552 0.000075 -0.062269
v -0.000500 0.000057 -0.064060
v -0.000496 -0.000318 -0.039473
v -0.000483 0.000714 -0.039772
v -0.000477 0.000446 -0.058828
v -0.000453 0.000573 -0.059637
v -0.000450 0.000492 -0.062188
v -0.000444 -0.000177 -0.062726
v -0.000442 -0.000314 0.036192
v -0.000429 0.000600 -0.065934
v -0.000422 0.000492 -0.062961
v -0.000392 0.000629 -0.050609
v -0.000341 0.000590 -0.064668
v -0.000313 -0.000235 -0.066042
v -0.000301 0.000135 -0.051491
v -0.000260 0.000216 -0.066402
v -0.000258 -0.000364 -0.048787
v -0.000256 -0.000009 -0.044450
v -0.000205 -0.000260 -0.059074
v -0.000178 -0.000146 -0.050701
v -0.000174 0.000182 -0.058462
v -0.000154 0.000824 -0.022632
v -0.000149 0.000821 0.005648
v -0.000106 -0.000215 -0.047689
v -0.000089 0.000232 -0.060840
v -0.000060 0.000822 0.017897
v -0.000019 -0.000441 0.017234
v 0.000052 0.000814 -0.035597
v 0.000101 -0.000444 -0.019304
v 0.000109 0.000613 -0.058884
v 0.000139 0.000198 -0.050601
v 0.000173 -0.000281 -0.063659
v 0.000193 -0.000441 0.021468
v 0.000222 0.000614 -0.061713
v 0.000247 0.000452 -0.065939
v 0.000262 -0.000278 -0.060352
v 0.000371 -0.000238 -0.061501
v 0.000380 0.000055 -0.046926
v 0.000383 0.000684 -0.059943
v 0.000390 -0.000438 0.007958
v 0.000390 0.000781 -0.042585
v 0.000400 0.000522 -0.044952
v 0.000417 -0.000269 -0.064959
v 0.000421 -0.000393 -0.042125
v 0.000483 0.000661 -0.048822
v 0.000492 0.000624 0.036370
v 0.000508 0.000115 -0.058850
v 0.000526 -0.000443 -0.026481
v 0.000536 -0.000212 -0.049197
v 0.000550 0.000564 -0.047208
v 0.000575 0.000052 -0.065483
v 0.000598 0.000624 -0.064744
v 0.000630 0.000345 -0.049417
v 0.000635 -0.000081 -0.045681
v 0.000665 -0.000338 -0.044177
v 0.000672 0.000570 -0.062882
v 0.000744 0.000480 -0.046066
v 0.000749 -0.000272 -0.059848
v 0.000771 0.000551 -0.059358
v 0.000870 -0.000440 -0.002432
v 0.000935 0.000357 -0.064794
v 0.000978 0.000071 -0.063813
v 0.000994 -0.000324 -0.047156
v 0.001002 0.000769 -0.040525
v 0.001040 0.000139 0.036600
v 0.001049 0.000271 -0.063352
v 0.001057 0.000187 -0.059558
v 0.001078 0.000156 -0.062730
v 0.001078 0.000824 -0.031016
v 0.001138 0.000821 -0.003514
v 0.001215 0.000454 -0.060951
v 0.001263 -0.000440 0.002491
v 0.001267 -0.000052 -0.060998
v 0.001325 -0.000324 -0.041497
v 0.001373 0.000748 -0.044219
v 0.001418 0.000181 -0.061820
v 0.001498 0.000821 0.013246
v 0.001527 0.000221 -0.062321
v 0.001565 -0.000384 -0.040335
v 0.001597 0.000671 -0.045521
v 0.001616 -0.000441 0.025501
v 0.001644 0.000821 0.008994
v 0.001654 0.000705 -0.041720
v 0.001745 -0.000271 -0.046089
v 0.001748 0.000132 -0.048820
v 0.001750 -0.000444 -0.030273
v 0.001823 -0.000443 -0.013282
v 0.001881 0.000324 -0.077302
v 0.001913 0.000608 -0.047028
v 0.001926 -0.000055 -0.077237
v 0.001942 0.000331 -0.076619
v 0.001953 0.000233 -0.062756
v 0.001958 -0.000222 0.036227
v 0.001982 -0.000408 0.035146
v 0.001982 0.000200 -0.062585
v 0.002070 0.000199 -0.063149
v 0.002123 -0.000102 -0.045025
v 0.002125 -0.000382 -0.042161
v 0.002138 0.000606 -0.048443
v 0.002155 -0.000253 -0.048600
v 0.002178 -0.000254 -0.047899
v 0.002216 -0.000184 -0.076520
v 0.002324 0.000282 -0.045234
v 0.002396 0.000821 0.021271
v 0.002422 -0.000418 -0.037582
v 0.002437 -0.000442 0.030928
v 0.002454 0.000235 0.036402
v 0.002457 0.000637 -0.077175
v 0.002461 -0.000438 -0.034351
v 0.002468 0.000515 -0.063331
v 0.002506 0.000792 -0.037570
v 0.002511 0.000216 -0.047357
v 0.002525 -0.000440 0.014621
v 0.002525 0.000190 -0.062515
v 0.002563 0.000820 -0.006834
v 0.002572 0.000600 0.036127
v 0.002588 0.000632 -0.076274
v 0.002648 0.000130 -0.077675
v 0.002737 0.000780 0.035326
v 0.002755 -0.000219 -0.063183
v 0.002790 -0.000438 -0.005248
v 0.002799 0.000824 -0.014702
v 0.002804 -0.000147 -0.044103
v 0.002806 0.000580 -0.062890
v 0.002812 -0.000303 -0.077152
v 0.002812 0.000479 -0.044278
v 0.002816 0.000755 -0.042801
v 0.002852 -0.000009 -0.049057
v 0.002904 -0.000327 -0.039726
v 0.002919 0.000593 -0.048153
v 0.002942 0.000820 0.001095
v 0.002953 0.000824 -0.026722
v 0.002980 0.000824 -0.017899
v 0.003004 -0.000128 -0.064516
v 0.003055 0.000064 -0.075330
v 0.003071 0.000301 -0.062448
v 0.003073 0.000472 -0.064796
v 0.003131 -0.000443 -0.023342
v 0.003212 -0.000123 -0.062878
v 0.003308 0.000820 0.032333
v 0.003328 0.000822 -0.010740
v 0.003352 -0.000255 -0.075571
v 0.003390 0.000583 -0.063004
v 0.003422 -0.000441 0.006126
v 0.003435 0.000487 -0.049288
v 0.003524 0.000659 -0.039732
v 0.003529 0.000823 0.026553
v 0.003545 0.000186 -0.062844
v 0.003554 0.000003 -0.066262
v 0.003607 0.000684 -0.064407
v 0.003623 0.000400 -0.066416
v 0.003647 -0.000294 -0.065836
v 0.003675 -0.000441 -0.008514
v 0.003679 0.000596 -0.075470
v 0.003709 0.000317 -0.075039
v 0.003713 -0.000441 0.010893
v 0.003744 -0.000294 -0.048888
v 0.003746 -0.000185 -0.039831
v 0.003766 0.000684 -0.041483
v 0.003772 0.000613 -0.066070
v 0.003795 -0.000301 0.036060
v 0.003803 0.000555 -0.077523
v 0.003850 0.000052 0.036454
v 0.003862 -0.000259 -0.064680
v 0.003867 0.000353 0.036412
v 0.003873 -0.000021 -0.075122
v 0.003911 0.000819 -0.034479
v 0.003991 0.000388 -0.064157
v 0.003993 -0.000357 -0.038989
v 0.003998 0.000020 -0.064135
v 0.004009 0.000752 -0.076511
v 0.004010 -0.000258 -0.041587
v 0.004061 0.000205 -0.040923
v 0.004073 0.000169 -0.039904
v 0.004086 0.000149 -0.048462
v 0.004139 -0.000441 0.020169
v 0.004145 0.000246 -0.066541
v 0.004216 -0.000242 -0.066051
v 0.004235 0.000621 -0.048939
v 0.004330 0.000215 -0.050011
v 0.004348 0.000664 -0.043600
v 0.004383 0.000317 -0.052043
v 0.004387 0.000536 -0.065771
v 0.004463 -0.000319 -0.043194
v 0.004481 0.000822 0.006608
v 0.004483 -0.000251 -0.077386
v 0.004486 -0.000028 -0.051762
v 0.004571 0.000424 -0.052841
v 0.004585 0.000130 -0.065363
v 0.004587 0.000095 -0.066159
v 0.004693 -0.000105 -0.052615
v 0.004720 -0.000229 -0.049953
v 0.004754 0.000680 -0.038785
v 0.004776 0.000514 -0.050369
v 0.004809 0.000777 -0.042677
v 0.004822 0.000139 -0.075550
v 0.004827 -0.000295 -0.076103
v 0.004828 0.000657 -0.052168
v 0.004864 0.000231 -0.043917
v 0.004874 -0.000443 -0.015796
v 0.004909 0.000562 -0.075914
v 0.004939 -0.000443 -0.020144
v 0.005120 -0.000182 -0.051049
v 0.005155 0.000111 -0.077698
v 0.005178 0.000825 -0.030202
v 0.005191 0.000538 0.035935
v 0.005226 -0.000009 0.036109
v 0.005232 0.000823 0.016294
v 0.005254 0.000821 0.010707
v 0.005309 -0.000209 -0.048660
v 0.005332 -0.000442 0.025841
v 0.005335 0.000291 -0.039181
v 0.005337 -0.000444 -0.027186
v 0.005379 0.000824 -0.022121
v 0.005440 0.000618 -0.077357
v 0.005442 -0.000399 -0.038037
v 0.005450 0.000361 -0.048400
v 0.005455 0.000787 -0.037192
v 0.005474 -0.000155 -0.039021
v 0.005484 0.000225 -0.053931
v 0.005503 0.000640 -0.053481
v 0.005530 -0.000199 -0.053631
v 0.005775 -0.000347 0.035605
v 0.005824 0.000534 -0.041500
v 0.005851 0.000821 0.023521
v 0.005890 -0.000434 0.033342
v 0.005891 0.000591 -0.043703
v 0.005915 0.000151 -0.041220
v 0.005929 -0.000042 -0.043935
v 0.006011 0.000426 -0.053740
v 0.006018 -0.000289 -0.041855
v 0.006031 -0.000037 -0.053724
v 0.006039 -0.000431 -0.035179
v 0.006056 -0.000378 -0.037022
v 0.006069 -0.000298 -0.052865
v 0.006081 0.000721 -0.050698
v 0.006106 0.000777 0.034948
v 0.006135 0.000737 -0.049019
v 0.006161 -0.000372 -0.049673
v 0.006222 -0.000441 -0.001720
v 0.006238 -0.000287 -0.043370
v 0.006250 0.000639 -0.076528
v 0.006260 -0.000283 -0.077330
v 0.006269 -0.000441 0.002957
v 0.006287 0.000410 -0.077963
v 0.006320 0.000620 -0.038914
v 0.006357 0.000144 -0.047880
v 0.006482 -0.000443 0.030239
v 0.006493 -0.000089 -0.076277
v 0.006498 -0.000376 -0.051303
v 0.006518 -0.000019 -0.077967
v 0.006537 -0.000036 0.036147
v 0.006553 0.000262 -0.043709
v 0.006558 0.000821 -0.003047
v 0.006559 0.000634 -0.042392
v 0.006590 0.000574 -0.077612
v 0.006602 0.000611 -0.048097
v 0.006616 0.000274 -0.076227
v 0.006645 0.000039 -0.039580
v 0.006662 0.000824 -0.017054
v 0.006673 0.000676 -0.052284
v 0.006681 0.000516 0.036063
v 0.006739 0.000156 -0.040470
v 0.006751 -0.000442 -0.012641
v 0.006923 0.000823 -0.012203
v 0.006930 -0.000036 -0.077033
v 0.006931 0.000185 -0.077757
v 0.006963 0.000143 -0.052775
v 0.006973 -0.000322 -0.048388
v 0.006976 0.000390 -0.076850
v 0.007066 0.000649 -0.040616
v 0.007079 0.000353 -0.047821
v 0.007229 0.000812 -0.036296
v 0.007301 -0.000340 -0.042110
v 0.007316 -0.000033 -0.042671
v 0.007347 -0.000292 -0.040894
v 0.007420 0.000327 0.036113
v 0.007469 -0.000014 -0.047927
v 0.007473 -0.000442 -0.031484
v 0.007501 -0.000440 -0.005427
v 0.007526 -0.000379 -0.039174
v 0.007530 0.000354 -0.058112
v 0.007542 0.000822 0.019575
v 0.007590 -0.000419 -0.036944
v 0.007639 -0.000227 -0.052014
v 0.007646 0.000820 -0.007723
v 0.007694 0.000770 -0.050321
v 0.007758 0.000117 -0.058646
v 0.007759 -0.000125 -0.058201
v 0.007762 0.000115 -0.057579
v 0.007905 0.000442 -0.042434
v 0.007909 -0.000442 0.017221
v 0.007979 0.000538 -0.058467
v 0.007981 -0.000440 0.008449
v 0.008003 0.000780 -0.038300
v 0.008032 0.000720 -0.048596
v 0.008038 0.000824 0.031270
v 0.008112 0.000623 -0.057790
v 0.008123 0.000820 0.007629
v 0.008138 0.000822 0.002602
v 0.008149 -0.000023 0.035955
v 0.008196 -0.000365 0.035181
v 0.008271 0.000631 -0.051654
v 0.008344 0.000746 -0.041492
v 0.008403 0.000411 -0.057425
v 0.008405 0.000190 -0.052010
v 0.008409 -0.000438 0.012663
v 0.008440 -0.000444 -0.017028
v 0.008450 0.000821 -0.033462
v 0.008498 -0.000442 0.022787
v 0.008540 0.000634 0.035627
v 0.008567 0.000457 -0.048079
v 0.008592 -0.000080 -0.057477
v 0.008615 -0.000052 -0.058906
v 0.008665 -0.000367 -0.050448
v 0.008687 0.000824 -0.025366
v 0.008807 -0.000443 -0.022612
v 0.008827 -0.000369 -0.041834
v 0.008829 -0.000439 0.005535
v 0.008913 0.000820 0.012162
v 0.008959 0.000499 -0.058871
v 0.008988 0.000801 0.034619
v 0.008996 0.000230 -0.042561
v 0.009009 -0.000408 -0.037896
v 0.009021 -0.000321 -0.058390
v 0.009128 -0.000088 -0.048035
v 0.009172 0.000823 0.026339
v 0.009328 0.000641 -0.042220
v 0.009450 -0.000199 -0.042331
v 0.009572 -0.000120 -0.051488
v 0.009635 0.000287 -0.059453
v 0.009638 0.000646 -0.051061
v 0.009657 0.000384 -0.051673
v 0.009658 0.000660 -0.057940
v 0.009757 -0.000260 -0.059132
v 0.009760 -0.000441 -0.009755
v 0.009820 -0.000406 -0.040647
v 0.009887 -0.000334 -0.048683
v 0.009932 -0.000443 -0.027757
v 0.009950 0.000787 -0.040411
v 0.009989 -0.000132 -0.049891
v 0.010104 0.000159 -0.051179
v 0.010228 0.000715 -0.048530
v 0.010245 0.000421 -0.049647
v 0.010337 0.000814 -0.037414
v 0.010365 0.000609 -0.047575
v 0.010373 0.000822 0.015792
v 0.010422 -0.000350 0.035165
v 0.010439 -0.000441 0.002038
v 0.010443 0.000824 -0.028792
v 0.010465 0.000206 -0.047227
v 0.010482 -0.000432 -0.035179
v 0.010501 -0.000231 -0.057827
v 0.010513 0.000304 0.035808
v 0.010520 -0.000288 -0.047648
v 0.010521 0.000272 -0.057504
v 0.010546 0.000823 0.022928
v 0.010585 0.000821 -0.001232
v 0.010711 0.000030 -0.048814
v 0.010770 0.000824 -0.015424
v 0.010835 0.000693 0.035307
v 0.010895 0.000372 -0.042691
v 0.010967 -0.000092 0.035619
v 0.010973 -0.000305 -0.058643
v 0.011056 0.000057 -0.059070
v 0.011073 0.000824 -0.020357
v 0.011079 -0.000435 0.032290
v 0.011082 -0.000442 0.028156
v 0.011202 0.000822 0.029517
v 0.011216 0.000563 -0.058766
v 0.011325 0.000812 0.033395
v 0.011333 0.000822 -0.005490
v 0.011494 0.000573 -0.057812
v 0.011546 -0.000145 -0.047067
v 0.011631 0.000341 -0.048319
v 0.011648 -0.000430 -0.038492
v 0.011666 -0.000269 -0.047836
v 0.011737 -0.000357 -0.041983
v 0.011751 -0.000044 -0.042916
v 0.011904 -0.000442 -0.002369
v 0.011932 0.000822 0.007211
v 0.011937 -0.000444 -0.014715
v 0.011940 0.000481 0.035354
v 0.011942 0.000706 -0.047126
v 0.012064 0.000395 -0.046555
v 0.012067 0.000721 -0.042253
v 0.012096 -0.000331 0.034836
v 0.012117 0.000819 0.012649
v 0.012283 0.000823 -0.009799
v 0.012313 -0.000033 -0.048014
v 0.012340 0.000822 -0.030964
v 0.012378 -0.000441 0.014990
v 0.012384 -0.000273 -0.058150
v 0.012478 0.000639 -0.047578
v 0.012509 0.000267 -0.043394
v 0.012522 -0.000440 -0.006542
v 0.012645 -0.000181 -0.046296
v 0.012816 0.000324 -0.045570
v 0.012856 0.000215 -0.057711
v 0.012869 0.000131 -0.047697
v 0.012870 0.000121 0.035359
v 0.012890 0.000810 -0.039636
v 0.012892 -0.000442 0.024181
v 0.012969 -0.000061 -0.058669
v 0.012973 0.000688 0.034963
v 0.012982 0.000822 0.019213
v 0.012989 -0.000266 -0.047040
v 0.013009 -0.000441 0.006976
v 0.013017 -0.000243 -0.043476
v 0.013035 0.000041 -0.044689
v 0.013140 0.000632 -0.058210
v 0.013202 0.000590 -0.043951
v 0.013217 -0.000441 0.019776
v 0.013217 0.000676 -0.046026
v 0.013260 -0.000444 -0.025222
v 0.013274 -0.000441 -0.030786
v 0.013403 0.000821 0.002200
v 0.013461 -0.000336 -0.045249
v 0.013604 0.000414 -0.058559
v 0.013776 -0.000440 0.011996
v 0.013782 -0.000417 -0.040818
v 0.013830 -0.000238 -0.058030
v 0.013835 -0.000444 -0.019680
v 0.013855 0.000439 -0.046458
v 0.013863 0.000822 0.026587
v 0.013970 -0.000440 0.002314
v 0.013976 0.000424 0.035552
v 0.013998 0.000824 -0.013843
v 0.014031 -0.000009 -0.046307
v 0.014060 -0.000293 0.035192
v 0.014066 0.000824 -0.025017
v 0.014093 -0.000390 -0.043553
v 0.014109 0.000819 -0.034087
v 0.014173 0.000826 -0.017981
v 0.014195 -0.000257 -0.045588
v 0.014202 -0.000438 -0.035076
v 0.014270 0.000002 0.035608
v 0.014351 0.000823 -0.002036
v 0.014505 0.000607 -0.045078
v 0.014536 0.000766 -0.042054
v 0.014560 0.000178 -0.057354
v 0.014693 0.000793 0.034637
v 0.014726 0.000587 -0.057546
v 0.014757 -0.000405 0.034393
v 0.014817 -0.000442 -0.009969
v 0.014889 0.000609 0.035457
v 0.014938 -0.000038 -0.058363
v 0.015053 0.000581 -0.058213
v 0.015071 0.000821 0.015525
v 0.015163 0.000822 0.022268
v 0.015168 -0.000320 -0.044806
v 0.015179 0.000821 0.010796
v 0.015259 0.000234 -0.045363
v 0.015429 -0.000356 -0.042530
v 0.015508 -0.000441 0.032412
v 0.015659 -0.000199 -0.057267
v 0.015743 -0.000030 0.035524
v 0.015899 0.000572 -0.043031
v 0.015936 0.000632 -0.044345
v 0.015963 0.000174 -0.056405
v 0.015988 0.000683 -0.057201
v 0.016000 0.000822 -0.007039
v 0.016016 -0.000008 -0.071171
v 0.016018 0.000442 -0.071704
v 0.016028 0.000822 -0.028958
v 0.016032 -0.000419 -0.040969
v 0.016064 0.000304 -0.070373
v 0.016119 -0.000443 -0.013919
v 0.016129 0.000149 -0.072614
v 0.016156 0.000205 -0.069191
v 0.016164 -0.000291 -0.044628
v 0.016196 0.000517 -0.069557
v 0.016204 -0.000191 -0.045685
v 0.016206 0.000170 -0.046004
v 0.016227 0.000174 -0.043869
v 0.016231 0.000546 -0.045779
v 0.016233 -0.000023 -0.058915
v 0.016309 0.000342 -0.058960
v 0.016313 -0.000248 -0.071526
v 0.016322 0.000142 -0.052339
v 0.016325 0.000189 -0.054101
v 0.016335 -0.000193 -0.069679
v 0.016337 0.000825 -0.022052
v 0.016340 0.000822 0.031055
v 0.016358 0.000809 -0.039309
v 0.016405 -0.000443 -0.004832
v 0.016415 -0.000437 -0.038381
v 0.016454 -0.000059 -0.073807
v 0.016479 0.000176 -0.043020
v 0.016494 0.000371 -0.073810
v 0.016545 0.000664 -0.058513
v 0.016556 0.000572 -0.055858
v 0.016595 0.000183 -0.051567
v 0.016634 -0.000224 -0.055766
v 0.016636 0.000516 -0.052679
v 0.016674 -0.000442 -0.028218
v 0.016688 -0.000442 0.016979
v 0.016706 0.000713 0.035303
v 0.016741 -0.000271 -0.073490
v 0.016762 -0.000442 0.028139
v 0.016776 -0.000266 -0.058579
v 0.016782 0.000660 -0.072753
v 0.016784 -0.000443 0.000801
v 0.016792 0.000690 -0.070523
v 0.016818 -0.000276 -0.053847
v 0.016834 0.000823 0.006708
v 0.016861 -0.000018 -0.074130
v 0.016872 0.000159 -0.068163
v 0.016898 0.000672 -0.054398
v 0.016928 0.000824 -0.012293
v 0.016955 0.000666 -0.042256
v 0.017029 0.000452 -0.074020
v 0.017046 0.000650 -0.051881
v 0.017105 -0.000230 -0.072195
v 0.017107 0.000663 -0.045743
v 0.017139 -0.000268 -0.051890
v 0.017155 -0.000362 -0.056813
v 0.017176 0.000201 -0.044999
v 0.017187 0.000373 0.035733
v 0.017229 -0.000314 -0.070771
v 0.017247 0.000064 -0.050960
v 0.017247 0.000439 -0.047329
v 0.017252 0.000135 -0.059069
v 0.017266 -0.000071 -0.047357
v 0.017270 0.000644 -0.068525
v 0.017273 -0.000283 -0.068417
v 0.017277 0.000047 -0.066688
v 0.017321 0.000581 -0.072247
v 0.017414 -0.000197 -0.073487
v 0.017422 -0.000339 -0.046521
v 0.017440 0.000479 -0.051011
v 0.017453 -0.000336 0.035351
v 0.017501 0.000158 -0.073907
v 0.017514 0.000410 -0.048614
v 0.017523 -0.000442 0.004904
v 0.017563 0.000824 0.026741
v 0.017565 -0.000034 -0.048820
v 0.017571 0.000744 -0.056182
v 0.017585 0.000509 -0.073383
v 0.017592 0.000201 -0.042984
v 0.017663 0.000079 -0.050098
v 0.017666 -0.000032 -0.065942
v 0.017679 0.000174 -0.071887
v 0.017679 0.000314 -0.065933
v 0.017680 0.000597 -0.066753
v 0.017695 -0.000075 0.035771
v 0.017698 0.000499 -0.058827
v 0.017719 0.000819 -0.036384
v 0.017723 0.000177 -0.073118
v 0.017758 0.000611 -0.071098
v 0.017780 -0.000324 -0.042384
v 0.017788 -0.000228 -0.045617
v 0.017820 -0.000442 0.009196
v 0.017832 -0.000443 0.023760
v 0.017876 -0.000280 -0.069827
v 0.017884 0.000681 -0.058036
v 0.017935 -0.000280 -0.058094
v 0.017938 0.000799 0.034555
v 0.017944 0.000673 -0.048673
v 0.017956 0.000718 -0.047237
v 0.017999 -0.000066 -0.058734
v 0.018009 0.000825 0.001768
v 0.018047 -0.000286 -0.066529
v 0.018084 0.000577 -0.069737
v 0.018092 0.000112 -0.044258
v 0.018108 -0.000124 -0.056956
v 0.018112 -0.000365 -0.053653
v 0.018137 -0.000244 -0.050036
v 0.018169 0.000469 -0.068406
v 0.018174 0.000616 -0.049830
v 0.018184 -0.000440 -0.033858
v 0.018195 0.000525 -0.043439
v 0.018200 0.000487 -0.056850
v 0.018213 -0.000332 -0.048768
v 0.018259 0.000036 -0.065942
v 0.018261 -0.000425 0.034616
v 0.018262 0.000482 -0.066098
v 0.018266 0.000318 -0.058262
v 0.018275 -0.000441 0.013447
v 0.018307 -0.000100 -0.068169
v 0.018388 0.000619 0.035698
v 0.018400 -0.000315 -0.055224
v 0.018403 0.000244 -0.071456
v 0.018520 0.000095 -0.069603
v 0.018537 -0.000288 -0.043657
v 0.018591 0.000694 -0.045589
v 0.018621 -0.000332 -0.045472
v 0.018699 0.000737 -0.053711
v 0.018748 -0.000305 0.035723
v 0.018762 0.000823 0.013454
v 0.018814 0.000776 -0.041562
v 0.018848 0.000751 -0.051424
v 0.018886 0.000822 0.018538
v 0.018892 -0.000442 -0.023851
v 0.018977 -0.000414 -0.040789
v 0.018994 0.000021 -0.055327
v 0.019001 0.000419 -0.067753
v 0.019003 -0.000443 -0.018748
v 0.019019 -0.000172 -0.071270
v 0.019054 0.000824 -0.002768
v 0.019122 0.000616 -0.071137
v 0.019151 -0.000158 -0.067612
v 0.019163 0.000825 -0.017686
v 0.019201 0.000507 -0.054661
v 0.019287 0.000821 -0.032103
v 0.019387 0.000573 -0.066840
v 0.019424 0.000219 -0.071504
v 0.019428 -0.000290 -0.053402
v 0.019441 -0.000123 -0.066708
v 0.019448 -0.000442 0.020207
v 0.019460 0.000178 0.036127
v 0.019469 0.000541 -0.070539
v 0.019469 0.000783 -0.043459
v 0.019521 -0.000115 -0.070427
v 0.019544 0.000244 -0.070143
v 0.019583 -0.000342 -0.050081
v 0.019791 0.000028 -0.071171
v 0.019801 -0.000336 -0.051590
v 0.019818 0.000778 -0.049373
v 0.019827 -0.000419 -0.046386
v 0.019830 -0.000443 -0.009258
v 0.019849 0.000700 0.035586
v 0.019874 0.000230 -0.070552
v 0.019876 0.000584 -0.052973
v 0.019931 0.000177 -0.053755
v 0.019940 -0.000444 -0.001039
v 0.020044 0.000803 -0.047672
v 0.020044 0.000819 -0.027139
v 0.020128 -0.000443 -0.004977
v 0.020167 -0.000421 -0.043101
v 0.020223 -0.000441 -0.028562
v 0.020231 -0.000309 0.035780
v 0.020258 0.000114 -0.066340
v 0.020337 0.000081 -0.052671
v 0.020413 0.000823 0.009816
v 0.020414 -0.000432 0.032930
v 0.020460 0.000823 -0.008510
v 0.020461 0.000646 -0.067680
v 0.020587 0.000170 -0.068275
v 0.020695 -0.000431 -0.038346
v 0.020735 0.000809 -0.041581
v 0.020748 0.000566 -0.066233
v 0.020802 0.000707 -0.051302
v 0.020812 -0.000398 -0.049546
v 0.020850 0.000093 -0.063173
v 0.020915 0.000815 -0.034906
v 0.020950 0.000823 -0.022999
v 0.021018 0.000823 0.005949
v 0.021022 0.000488 -0.062967
v 0.021095 -0.000046 -0.064566
v 0.021161 0.000823 0.023686
v 0.021185 -0.000304 -0.066131
v 0.021217 -0.000140 -0.052255
v 0.021224 0.000450 0.036513
v 0.021249 -0.000096 -0.062412
v 0.021276 -0.000283 -0.068115
v 0.021288 -0.000442 0.027915
v 0.021318 0.000345 -0.052432
v 0.021333 0.000824 -0.013139
v 0.021336 -0.000443 0.016594
v 0.021348 -0.000302 -0.063175
v 0.021379 0.000559 -0.064476
v 0.021388 0.000824 0.028622
v 0.021392 -0.000373 -0.047712
v 0.021394 -0.000443 -0.013224
v 0.021418 0.000810 -0.039342
v 0.021469 0.000278 -0.062053
v 0.021489 0.000021 0.036592
v 0.021519 0.000804 -0.046421
v 0.021621 -0.000353 -0.064065
v 0.021657 0.000761 -0.066296
v 0.021744 0.000812 0.033300
v 0.021761 0.000017 -0.069084
v 0.021814 -0.000434 -0.035588
v 0.021823 0.000664 -0.062604
v 0.021829 0.000785 -0.049409
v 0.021859 0.000450 -0.069080
v 0.021922 0.000735 -0.068328
v 0.021960 -0.000340 -0.052007
v 0.021967 -0.000442 0.001773
v 0.022005 0.000673 -0.050656
v 0.022026 -0.000442 0.011547
v 0.022052 -0.000442 0.006916
v 0.022088 -0.000048 -0.061704
v 0.022102 -0.000428 -0.041594
v 0.022159 -0.000322 0.036103
v 0.022185 0.000424 -0.057040
v 0.022190 0.000139 -0.057824
v 0.022202 0.000824 0.001216
v 0.022246 -0.000441 -0.031871
v 0.022281 0.000675 -0.052182
v 0.022306 -0.000438 -0.026549
v 0.022338 -0.000180 -0.056965
v 0.022580 -0.000282 -0.057479
v 0.022623 0.000584 -0.057587
v 0.022635 0.000373 -0.061512
v 0.022662 -0.000417 -0.047690
v 0.022717 0.000680 0.036147
v 0.022803 -0.000256 -0.069586
v 0.022815 -0.000047 -0.057888
v 0.022823 0.000073 -0.069906
v 0.022824 -0.000032 -0.053088
v 0.022825 -0.000345 -0.064042
v 0.022905 0.000738 -0.064716
v 0.022916 0.000807 -0.043490
v 0.022917 -0.000444 -0.017232
v 0.022945 -0.000400 -0.068352
v 0.022970 0.000304 0.036726
v 0.022998 -0.000442 0.023127
v 0.023021 0.000791 -0.032267
v 0.023042 -0.000018 -0.055665
v 0.023052 0.000825 -0.003374
v 0.023056 -0.000329 -0.062142
v 0.023110 0.000226 -0.057783
v 0.023133 0.000397 -0.055486
v 0.023135 0.000555 -0.069787
v 0.023163 0.000489 -0.053217
v 0.023189 0.000823 0.013925
v 0.023261 -0.000418 -0.033799
v 0.023346 -0.000347 -0.066472
v 0.023393 -0.000413 -0.050928
v 0.023417 0.000507 -0.061589
v 0.023474 0.000654 -0.055842
v 0.023478 -0.000318 -0.055932
v 0.023595 0.000824 0.019507
v 0.023613 0.000763 -0.067039
v 0.023621 0.000740 -0.069380
v 0.023627 -0.000413 -0.032045
v 0.023630 0.000649 -0.062035
v 0.023694 -0.000289 -0.064941
v 0.023723 0.000794 -0.050793
v 0.023725 0.000823 -0.006650
v 0.023774 -0.000064 -0.061808
v 0.023803 -0.000421 -0.044879
v 0.023815 -0.000286 -0.062675
v 0.023818 0.000620 -0.065145
v 0.023826 -0.000067 -0.063738
v 0.023832 0.000396 -0.063869
v 0.023843 0.000780 -0.034320
v 0.023846 -0.000362 0.036105
v 0.023847 0.000621 -0.062793
v 0.023853 -0.000122 0.036445
v 0.023868 -0.000002 -0.054875
v 0.023884 -0.000022 -0.054024
v 0.023896 0.000326 -0.061801
v 0.023912 -0.000442 -0.021402
v 0.023926 0.000695 -0.056841
v 0.023929 -0.000424 0.035060
v 0.023951 -0.000414 -0.039969
v 0.023957 -0.000214 -0.057099
v 0.023990 0.000402 -0.054524
v 0.023990 0.000734 -0.053098
v 0.024017 -0.000325 -0.053353
v 0.024073 0.000789 -0.041315
v 0.024097 0.000336 -0.057393
v 0.024103 0.000072 -0.064929
v 0.024212 0.000814 -0.025393
v 0.024219 -0.000339 -0.069739
v 0.024252 -0.000397 -0.046445
v 0.024263 0.000161 -0.062634
v 0.024317 0.000124 -0.066062
v 0.024350 0.000543 0.036245
v 0.024366 -0.000444 -0.004663
v 0.024391 -0.000053 -0.070347
v 0.024466 -0.000406 -0.042895
v 0.024489 -0.000265 -0.067093
v 0.024498 0.000700 -0.032898
v 0.024515 -0.000349 -0.033641
v 0.024534 0.000824 -0.015046
v 0.024561 0.000776 -0.045855
v 0.024659 -0.000417 -0.036078
v 0.024674 0.000726 -0.029072
v 0.024683 -0.000387 -0.028907
v 0.024711 -0.000441 0.026545
v 0.024761 0.000534 -0.070230
v 0.024838 0.000381 -0.066622
v 0.024887 0.000799 -0.048148
v 0.024987 -0.000442 0.019080
v 0.024988 0.000767 -0.040138
v 0.025036 -0.000444 0.004569
v 0.025083 0.000825 -0.009649
v 0.025177 0.000781 -0.043686
v 0.025180 -0.000433 -0.024901
v 0.025180 -0.000415 -0.048208
v 0.025188 0.000755 -0.056260
v 0.025254 0.000183 -0.070404
v 0.025255 -0.000378 -0.055448
v 0.025255 0.000821 0.030962
v 0.025262 -0.000405 -0.032188
v 0.025302 0.000822 -0.020308
v 0.025357 -0.000438 0.031872
v 0.025455 0.000822 0.026424
v 0.025485 0.000700 -0.068984
v 0.025504 -0.000308 -0.042094
v 0.025520 0.000795 -0.037643
v 0.025529 0.000105 -0.057579
v 0.025540 0.000668 -0.030420
v 0.025554 -0.000094 -0.069997
v 0.025580 0.000483 -0.069984
v 0.025620 -0.000386 -0.045472
v 0.025636 0.000225 -0.060179
v 0.025698 0.000824 0.008621
v 0.025713 0.000481 -0.066720
v 0.025739 -0.000444 -0.009914
v 0.025748 -0.000330 -0.068485
v 0.025793 0.000775 -0.055006
v 0.025801 0.000701 -0.041836
v 0.025808 -0.000016 -0.059918
v 0.025838 0.000620 -0.057423
v 0.025843 -0.000423 -0.051920
v 0.025847 0.000087 0.036457
v 0.025905 -0.000019 -0.060682
v 0.025908 0.000773 -0.031943
v 0.025920 0.000749 -0.027658
v 0.025929 0.000023 -0.066625
v 0.025944 -0.000391 -0.043660
v 0.025945 0.000795 0.034724
v 0.025953 -0.000443 0.014138
v 0.025964 0.000770 -0.034331
v 0.025989 0.000204 -0.029351
v 0.026101 0.000630 0.036127
v 0.026107 -0.000092 -0.029979
v 0.026169 -0.000353 -0.027794
v 0.026183 -0.000334 0.035908
v 0.026201 -0.000443 0.009274
v 0.026237 -0.000270 -0.060371
v 0.026257 0.000823 0.004203
v 0.026297 0.000304 -0.069154
v 0.026327 0.000589 -0.060518
v 0.026337 0.000674 -0.067269
v 0.026361 -0.000082 -0.068900
v 0.026377 -0.000277 -0.057441
v 0.026381 0.000821 0.022609
v 0.026392 -0.000440 0.000378
v 0.026426 0.000794 -0.053157
v 0.026484 0.000155 -0.029007
v 0.026496 -0.000336 -0.030647
v 0.026564 0.000135 -0.059125
v 0.026610 0.000246 -0.030100
v 0.026613 0.000354 -0.058407
v 0.026619 -0.000311 -0.067331
v 0.026624 -0.000352 -0.034892
v 0.026702 0.000823 0.015789
v 0.026736 -0.000406 -0.041575
v 0.026796 -0.000334 -0.037365
v 0.026819 0.000822 -0.000648
v 0.026851 0.000320 0.036785
v 0.026854 0.000781 -0.050816
v 0.026864 0.000719 -0.036620
v 0.026919 0.000608 -0.028503
v 0.026940 0.000767 -0.043334
v 0.026956 0.000768 -0.045775
v 0.027082 -0.000082 -0.029024
v 0.027108 0.000139 -0.029908
v 0.027115 0.000219 -0.062191
v 0.027156 -0.000333 -0.032086
v 0.027181 0.000585 -0.034416
v 0.027215 0.000291 -0.029447
v 0.027238 -0.000096 -0.066679
v 0.027247 0.000630 -0.059578
v 0.027263 -0.000443 -0.013631
v 0.027296 -0.000410 -0.055226
v 0.027344 -0.000403 -0.039631
v 0.027359 -0.000083 -0.034689
v 0.027362 0.000681 -0.058564
v 0.027377 -0.000262 -0.061807
v 0.027379 0.000569 -0.032551
v 0.027388 0.000614 -0.061846
v 0.027393 -0.000021 -0.068528
v 0.027432 0.000774 -0.056870
v 0.027437 -0.000374 -0.046373
v 0.027468 0.000088 -0.063579
v 0.027494 -0.000346 -0.049345
v 0.027494 -0.000034 -0.036270
v 0.027502 -0.000315 -0.060127
v 0.027507 0.000714 -0.048515
v 0.027537 -0.000441 -0.017877
v 0.027537 0.000532 -0.068382
v 0.027575 0.000098 -0.032903
v 0.027620 0.000404 -0.036371
v 0.027661 0.000663 -0.030774
v 0.027694 0.000122 0.036956
v 0.027734 0.000583 -0.063343
v 0.027742 -0.000395 -0.044186
v 0.027754 0.000200 -0.066104
v 0.027784 -0.000378 -0.057974
v 0.027787 0.000771 -0.026921
v 0.027830 -0.000273 -0.037919
v 0.027839 -0.000385 -0.026441
v 0.027880 -0.000361 -0.051998
v 0.027911 -0.000053 -0.064720
v 0.027958 -0.000321 -0.063535
v 0.027982 0.000452 -0.064945
v 0.027995 0.000625 -0.066342
v 0.028019 0.000680 -0.038247
v 0.028021 0.000610 -0.046341
v 0.028037 -0.000186 -0.046703
v 0.028068 0.000434 -0.048483
v 0.028076 -0.000009 -0.048129
v 0.028080 0.000593 -0.050359
v 0.028105 0.000667 0.036621
v 0.028115 0.000084 -0.036823
v 0.028131 0.000713 -0.029180
v 0.028138 0.000051 -0.032037
v 0.028164 0.000765 -0.041160
v 0.028211 -0.000428 0.034153
v 0.028216 0.000275 -0.046970
v 0.028220 -0.000314 0.036587
v 0.028221 0.000020 -0.050122
v 0.028260 0.000793 -0.024126
v 0.028285 -0.000337 -0.030148
v 0.028304 0.000763 -0.055225
v 0.028351 -0.000233 -0.044755
v 0.028355 -0.000316 -0.066406
v 0.028362 -0.000344 -0.064875
v 0.028379 0.000823 -0.004289
v 0.028409 -0.000440 0.022188
v 0.028416 -0.000442 -0.003462
v 0.028423 -0.000322 -0.068194
v 0.028432 0.000448 -0.031930
v 0.028462 0.000232 -0.045164
v 0.028462 0.000671 -0.052606
v 0.028466 -0.000402 -0.024621
v 0.028550 0.000770 -0.058580
v 0.028562 0.000821 0.018479
v 0.028586 -0.000444 -0.006262
v 0.028620 -0.000437 -0.022237
v 0.028632 0.000311 -0.051746
v 0.028635 0.000568 -0.044388
v 0.028688 -0.000269 -0.040011
v 0.028695 -0.000144 -0.052212
v 0.028735 -0.000332 -0.056199
v 0.028740 0.000709 -0.056497
v 0.028740 0.000818 0.030525
v 0.028804 -0.000381 -0.028106
v 0.028805 -0.000326 -0.038684
v 0.028805 0.000622 -0.039426
v 0.028838 -0.000325 -0.031367
v 0.028838 0.000821 -0.017726
v 0.028839 0.000773 -0.060981
v 0.028843 -0.000290 -0.037285
v 0.028893 0.000618 -0.037163
v 0.028904 -0.000309 -0.053738
v 0.028916 0.000774 -0.064183
v 0.028923 0.000627 -0.068984
v 0.028947 0.000693 -0.025280
v 0.028970 -0.000432 0.026714
v 0.029043 0.000141 -0.039962
v 0.029067 0.000082 -0.069645
v 0.029084 0.000444 0.037448
v 0.029087 0.000679 -0.031506
v 0.029110 -0.000007 -0.032058
v 0.029123 0.000643 -0.054053
v 0.029126 -0.000317 -0.041951
v 0.029186 -0.000149 -0.036992
v 0.029190 -0.000295 -0.025344
v 0.029202 0.000401 -0.041061
v 0.029222 0.000823 -0.012866
v 0.029259 -0.000225 -0.069298
v 0.029278 0.000822 0.011602
v 0.029310 0.000187 -0.053380
v 0.029348 -0.000404 -0.061948
v 0.029357 0.000763 -0.043228
v 0.029363 -0.000372 0.036562
v 0.029364 -0.000395 -0.058457
v 0.029377 0.000810 0.025116
v 0.029396 -0.000441 0.017195
v 0.029416 0.000068 0.037596
v 0.029417 0.000762 -0.029394
v 0.029489 0.000726 -0.026410
v 0.029599 0.000826 -0.007867
v 0.029601 -0.000418 -0.065813
v 0.029620 0.000262 -0.037023
v 0.029648 0.000088 -0.044321
v 0.029657 0.000657 -0.038126
v 0.029713 0.000156 -0.038630
v 0.029830 0.000785 -0.066981
v 0.029859 -0.000248 -0.055708
v 0.029870 -0.000442 0.005871
v 0.029878 -0.000323 -0.043779
v 0.029881 0.000726 -0.056574
v 0.029884 0.000790 0.035091
v 0.029888 0.000134 -0.041872
v 0.029964 0.000816 0.020555
v 0.029985 0.000411 -0.032635
v 0.030012 0.000695 -0.058937
v 0.030024 0.000603 -0.042284
v 0.030042 0.000590 -0.043994
v 0.030043 0.000353 -0.055232
v 0.030068 0.000349 -0.070821
v 0.030079 0.000823 0.006347
v 0.030137 -0.000039 -0.032627
v 0.030167 0.000714 -0.069769
v 0.030189 -0.000223 0.037402
v 0.030213 0.000694 -0.031941
v 0.030246 0.000669 0.036915
v 0.030265 -0.000261 -0.037700
v 0.030276 -0.000441 0.011804
v 0.030299 -0.000428 0.030913
v 0.030342 -0.000413 -0.023736
v 0.030350 -0.000412 0.035030
v 0.030379 0.000754 -0.024817
v 0.030467 -0.000370 -0.025881
v 0.030494 -0.000415 0.023519
v 0.030507 -0.000392 -0.030454
v 0.030510 0.000587 -0.037640
v 0.030562 -0.000197 -0.058719
v 0.030584 -0.000148 -0.071518
v 0.030628 0.000080 0.038209
v 0.030656 -0.000338 -0.059954
v 0.030762 -0.000338 -0.070771
v 0.030764 0.000277 -0.032672
v 0.030780 -0.000012 -0.037417
v 0.030816 0.000009 -0.042408
v 0.030816 0.000734 -0.027743
v 0.030842 0.000266 -0.077023
v 0.030848 -0.000282 -0.057626
v 0.030862 0.000239 -0.072400
v 0.030867 -0.000294 -0.042938
v 0.030874 -0.000206 -0.032114
v 0.030877 0.000010 -0.056730
v 0.030890 -0.000093 -0.077087
v 0.030901 0.000290 -0.058791
v 0.030919 0.000510 -0.056969
v 0.030920 0.000343 -0.037798
v 0.030939 0.000429 -0.076361
v 0.030962 0.000809 -0.021443
v 0.030971 0.000234 -0.044485
v 0.030976 0.000580 -0.059829
v 0.030994 -0.000020 -0.037877
v 0.031002 -0.000047 -0.076209
v 0.031006 -0.000139 -0.044331
v 0.031016 0.000594 -0.057850
v 0.031045 0.000617 0.038107
v 0.031089 0.000797 0.028709
v 0.031205 0.000744 -0.029694
v 0.031220 0.000671 -0.071904
v 0.031238 0.000329 0.038659
v 0.031255 0.000602 -0.043819
v 0.031277 -0.000107 -0.027333
v 0.031300 -0.000043 -0.078181
v 0.031303 0.000037 -0.047965
v 0.031340 -0.000251 -0.043876
v 0.031380 -0.000307 -0.076476
v 0.031412 -0.000115 -0.073236
v 0.031417 0.000776 -0.061113
v 0.031437 -0.000217 -0.030961
v 0.031447 0.000410 -0.043141
v 0.031452 -0.000442 -0.000082
v 0.031452 0.000561 -0.031148
v 0.031455 0.000166 -0.058046
v 0.031479 0.000823 0.000982
v 0.031484 0.000637 -0.076157
v 0.031493 0.000563 -0.048114
v 0.031504 0.000152 -0.031913
v 0.031510 0.000274 -0.057932
v 0.031514 0.000498 -0.027212
v 0.031522 -0.000012 -0.043200
v 0.031523 0.000368 -0.073675
v 0.031528 0.000277 -0.075397
v 0.031532 -0.000437 -0.019086
v 0.031535 -0.000266 -0.029245
v 0.031540 0.000256 -0.057808
v 0.031540 0.000307 -0.078509
v 0.031544 -0.000405 -0.068496
v 0.031553 -0.000075 0.038592
v 0.031563 0.000668 -0.077598
v 0.031565 0.000813 0.014751
v 0.031601 0.000154 -0.044264
v 0.031622 -0.000343 0.025916
v 0.031622 0.000191 -0.048636
v 0.031633 0.000157 -0.028281
v 0.031637 0.000773 0.023477
v 0.031647 -0.000288 -0.077888
v 0.031656 -0.000414 0.020914
v 0.031668 -0.000257 -0.026258
v 0.031668 -0.000240 -0.048341
v 0.031673 0.000320 -0.047597
v 0.031686 0.000102 -0.059672
v 0.031704 -0.000385 0.037053
v 0.031744 0.000683 -0.025871
v 0.031759 0.000214 -0.043794
v 0.031765 0.000619 0.038589
v 0.031793 -0.000338 -0.073244
v 0.031841 -0.000156 -0.075097
v 0.031852 0.000536 -0.029252
v 0.031878 0.000691 0.026037
v 0.031889 0.000145 -0.030286
v 0.031921 0.000771 0.036119
v 0.031935 -0.000335 0.028177
v 0.031946 0.000786 0.032115
v 0.031957 -0.000285 -0.047859
v 0.031966 -0.000442 -0.009803
v 0.031994 0.000796 0.016977
v 0.032015 0.000572 -0.060101
v 0.032019 -0.000292 -0.060791
v 0.032040 -0.000439 -0.014395
v 0.032053 -0.000080 -0.047494
v 0.032061 0.000753 -0.063805
v 0.032062 0.000313 0.038802
v 0.032065 0.000093 -0.029172
v 0.032093 0.000585 -0.075155
v 0.032105 -0.000297 0.024005
v 0.032120 0.000101 -0.048657
v 0.032126 0.000595 0.027618
v 0.032140 0.000710 0.029822
v 0.032159 0.000707 -0.073907
v 0.032177 -0.000370 -0.065164
v 0.032189 0.000602 -0.047713
v 0.032222 0.000043 -0.079423
v 0.032226 -0.000421 0.016781
v 0.032246 -0.000299 0.029677
v 0.032327 0.000596 0.023645
v 0.032355 -0.000443 -0.004784
v 0.032359 -0.000422 0.034357
v 0.032380 -0.000218 -0.048231
v 0.032422 0.000492 -0.079592
v 0.032427 0.000526 -0.048231
v 0.032431 0.000189 -0.025868
v 0.032463 0.000124 0.026384
v 0.032505 0.000792 -0.067473
v 0.032517 0.000417 -0.060349
v 0.032536 0.000047 0.027809
v 0.032541 -0.000279 -0.024579
v 0.032548 0.000069 0.023712
v 0.032590 0.000370 -0.081130
v 0.032602 -0.000334 0.032016
v 0.032607 0.000816 -0.017327
v 0.032615 -0.000408 -0.023040
v 0.032629 0.000502 0.028824
v 0.032630 0.000323 -0.047591
v 0.032639 0.000306 0.030005
v 0.032642 0.000677 -0.078759
v 0.032646 0.000001 -0.060718
v 0.032647 -0.000250 -0.062296
v 0.032669 0.000778 0.019885
v 0.032693 0.000790 -0.069881
v 0.032697 -0.000264 0.025202
v 0.032708 0.000127 0.022688
v 0.032731 -0.000019 0.028810
v 0.032733 -0.000104 -0.047738
v 0.032733 0.000679 -0.061982
v 0.032738 0.000007 -0.081374
v 0.032751 0.000332 0.028397
v 0.032763 -0.000304 0.021656
v 0.032788 0.000643 0.031790
v 0.032827 0.000679 -0.023848
v 0.032830 -0.000435 0.010893
v 0.032835 -0.000108 0.031368
v 0.032869 0.000584 0.025130
v 0.032878 0.000573 -0.063350
v 0.032879 0.000639 -0.066465
v 0.032880 0.000112 -0.048145
v 0.032894 0.000410 0.024529
v 0.032902 -0.000169 -0.065278
v 0.032939 0.000329 0.031453
v 0.032943 -0.000419 -0.071354
v 0.032956 0.000309 -0.064486
v 0.033006 -0.000350 -0.079050
v 0.033011 0.000693 -0.080530
v 0.033031 0.000648 0.021343
v 0.033041 0.000398 -0.024573
v 0.033048 0.000390 -0.061997
v 0.033051 -0.000281 0.038176
v 0.033057 -0.000295 -0.081056
v 0.033060 0.000020 -0.063358
v 0.033078 -0.000034 -0.024370
v 0.033099 0.000341 0.021978
v 0.033121 0.000123 -0.065984
v 0.033134 0.000055 0.024810
v 0.033137 -0.000298 -0.067169
v 0.033163 0.000053 0.025377
v 0.033219 -0.000401 -0.075900
v 0.033244 0.000824 -0.004922
v 0.033294 0.000136 0.038780
v 0.033329 0.000796 -0.072836
v 0.033388 0.000607 0.033662
v 0.033424 -0.000441 0.004140
v 0.033449 0.000161 0.032835
v 0.033453 0.000817 -0.014005
v 0.033511 -0.000092 0.020857
v 0.033522 0.000676 0.038365
v 0.033551 -0.000285 -0.023144
v 0.033592 0.000384 -0.082201
v 0.033620 -0.000291 0.034221
v 0.033621 0.000794 0.013063
v 0.033622 0.000785 -0.075749
v 0.033632 0.000693 0.034847
v 0.033647 0.000647 -0.068239
v 0.033678 0.000236 0.020815
v 0.033689 0.000142 -0.067430
v 0.033798 -0.000417 -0.015596
v 0.033806 0.000707 0.015796
v 0.033828 -0.000102 -0.082380
v 0.033833 0.000762 -0.021575
v 0.033851 0.000823 0.005428
v 0.033854 -0.000320 0.016090
v 0.033858 -0.000401 0.037191
v 0.033879 0.000550 -0.022787
v 0.033898 0.000813 0.009332
v 0.033904 -0.000342 0.019356
v 0.033917 0.000798 -0.015354
v 0.033949 0.000079 -0.023102
v 0.033961 0.000354 -0.050828
v 0.033969 -0.000287 0.018078
v 0.034071 0.000822 -0.010210
v 0.034076 -0.000113 -0.068646
v 0.034092 0.000045 -0.049663
v 0.034149 0.000609 0.017682
v 0.034159 -0.000061 -0.051133
v 0.034202 0.000459 -0.049546
v 0.034209 -0.000422 -0.020040
v 0.034223 0.000092 0.039897
v 0.034231 0.000692 -0.082151
v 0.034248 -0.000252 0.038932
v 0.034264 0.000401 -0.068650
v 0.034275 0.000232 0.034737
v 0.034279 0.000791 -0.078389
v 0.034283 -0.000280 -0.050204
v 0.034285 -0.000242 0.017101
v 0.034318 -0.000375 -0.081691
v 0.034321 0.000630 0.019222
v 0.034374 0.000661 -0.050915
v 0.034378 -0.000015 0.015716
v 0.034397 0.000529 0.039848
v 0.034400 -0.000029 -0.083892
v 0.034411 0.000501 -0.083730
v 0.034426 0.000408 0.015571
v 0.034455 0.000387 -0.051513
v 0.034479 0.000321 0.019657
v 0.034530 -0.000353 0.012914
v 0.034531 0.000073 -0.048750
v 0.034545 -0.000086 0.019148
v 0.034553 0.000595 0.036101
v 0.034577 -0.000319 -0.021911
v 0.034589 0.000195 0.018165
v 0.034601 0.000189 0.016997
v 0.034716 -0.000078 -0.085089
v 0.034729 0.000581 0.013773
v 0.034730 -0.000325 -0.069945
v 0.034732 -0.000323 -0.083641
v 0.034741 -0.000221 0.036292
v 0.034762 0.000434 -0.022136
v 0.034764 0.000674 -0.069639
v 0.034853 0.000450 -0.085168
v 0.034889 0.000364 -0.048546
v 0.034891 0.000655 -0.049352
v 0.034893 0.000312 0.013932
v 0.034949 -0.000252 -0.049240
v 0.034951 -0.000052 0.013497
v 0.034986 0.000211 0.041396
v 0.035038 -0.000050 -0.022051
v 0.035062 0.000179 0.036259
v 0.035070 0.000002 -0.048479
v 0.035080 -0.000392 0.010941
v 0.035090 0.000706 0.038085
v 0.035150 -0.000301 -0.051050
v 0.035175 -0.000191 0.041206
v 0.035183 0.000740 -0.083885
v 0.035208 0.000749 0.011337
v 0.035255 0.000528 -0.048768
v 0.035262 0.000796 -0.019046
v 0.035271 0.000336 -0.069754
v 0.035281 0.000361 -0.086382
v 0.035283 -0.000070 -0.069726
v 0.035300 0.000490 0.012334
v 0.035334 -0.000422 -0.017147
v 0.035388 -0.000042 -0.086509
v 0.035417 0.000608 0.041409
v 0.035444 0.000563 -0.051257
v 0.035449 0.000755 0.039579
v 0.035479 -0.000330 0.038513
v 0.035494 0.000141 -0.048855
v 0.035519 -0.000420 0.007865
v 0.035601 -0.000418 -0.080146
v 0.035602 0.000648 -0.071491
v 0.035635 0.000207 0.042658
v 0.035643 -0.000342 -0.085589
v 0.035655 -0.000410 -0.074470
v 0.035660 0.000089 -0.051562
v 0.035756 0.000822 -0.001401
v 0.035780 0.000417 -0.049626
v 0.035792 0.000158 0.038048
v 0.035852 -0.000440 0.001869
v 0.035857 -0.000028 -0.049757
v 0.035865 -0.000090 0.011423
v 0.035882 -0.000061 0.042869
v 0.035901 0.000782 -0.074291
v 0.035981 0.000043 -0.071202
v 0.036039 -0.000215 -0.050596
v 0.036044 0.000696 -0.086870
v 0.036054 0.000655 -0.021074
v 0.036066 -0.000305 -0.072485
v 0.036074 -0.000059 -0.088269
v 0.036080 0.000238 -0.021486
v 0.036081 0.000408 -0.088254
v 0.036106 0.000554 -0.050636
v 0.036158 0.000785 -0.081086
v 0.036162 -0.000116 -0.051203
v 0.036164 0.000512 0.011133
v 0.036170 -0.000330 -0.087330
v 0.036242 0.000270 -0.051312
v 0.036267 -0.000292 0.039285
v 0.036300 -0.000297 0.042713
v 0.036402 0.000812 -0.015531
v 0.036412 -0.000415 -0.084244
v 0.036414 -0.000400 -0.077043
v 0.036446 0.000179 -0.050739
v 0.036453 -0.000442 -0.001901
v 0.036482 -0.000392 0.040619
v 0.036521 -0.000245 -0.020905
v 0.036596 0.000149 -0.089896
v 0.036633 0.000675 0.042947
v 0.036688 0.000531 0.039401
v 0.036707 0.000027 0.039211
v 0.036749 -0.000437 -0.012505
v 0.036762 0.000069 0.044090
v 0.036782 0.000672 -0.089062
v 0.036791 0.000718 -0.077857
v 0.036805 0.000565 -0.073276
v 0.036836 0.000629 -0.074666
v 0.036850 0.000118 -0.072724
v 0.036859 -0.000309 0.010361
v 0.036880 -0.000187 -0.074551
v 0.036881 0.000777 0.007479
v 0.036963 -0.000290 -0.089911
v 0.036964 0.000807 0.002903
v 0.037004 0.000722 0.010137
v 0.037012 0.000678 -0.076116
v 0.037051 -0.000020 -0.090770
v 0.037070 0.000032 -0.073504
v 0.037073 -0.000326 -0.079814
v 0.037078 0.000490 0.044291
v 0.037106 0.000214 -0.021212
v 0.037126 0.000776 -0.085204
v 0.037130 0.000281 -0.074523
v 0.037162 0.000488 -0.090694
v 0.037203 -0.000188 -0.078232
v 0.037215 0.000607 -0.079517
v 0.037235 -0.000211 -0.076045
v 0.037256 0.000769 0.040707
v 0.037291 -0.000442 -0.007096
v 0.037311 0.000530 0.010636
v 0.037326 0.000084 0.010693
v 0.037353 -0.000263 0.044160
v 0.037456 0.000300 -0.077390
v 0.037468 0.000216 -0.075610
v 0.037478 -0.000410 -0.087825
v 0.037541 -0.000421 0.004943
v 0.037544 0.000679 -0.080872
v 0.037551 0.000187 -0.079710
v 0.037697 0.000002 -0.091614
v 0.037767 0.000140 -0.021408
v 0.037876 0.000187 -0.021959
v 0.037890 -0.000278 0.007092
v 0.037896 0.000516 -0.091633
v 0.037912 0.000693 0.006682
v 0.037974 0.000772 -0.019234
v 0.037980 0.000227 0.039769
v 0.037985 0.000210 -0.092978
v 0.038000 0.000104 -0.022836
v 0.038012 0.000532 -0.020957
v 0.038026 -0.000331 -0.081961
v 0.038034 0.000640 0.040139
v 0.038054 -0.000262 0.040235
v 0.038066 0.000818 -0.011078
v 0.038074 -0.000385 -0.083209
v 0.038099 -0.000407 0.043013
v 0.038111 -0.000325 0.008896
v 0.038127 0.000761 -0.083644
v 0.038135 0.000171 0.045270
v 0.038157 0.000043 -0.023342
v 0.038162 -0.000342 -0.091103
v 0.038166 0.000512 -0.022193
v 0.038181 -0.000128 -0.021960
v 0.038190 -0.000215 -0.092784
v 0.038215 0.000476 0.007799
v 0.038241 0.000339 -0.081286
v 0.038250 0.000786 -0.088331
v 0.038258 -0.000420 -0.015874
v 0.038356 0.000431 0.009694
v 0.038401 -0.000411 -0.018650
v 0.038431 -0.000068 -0.081888
v 0.038432 -0.000058 0.009498
v 0.038448 -0.000020 0.008222
v 0.038448 0.000741 -0.090918
v 0.038470 0.000700 0.044783
v 0.038481 0.000473 -0.082315
v 0.038500 0.000490 0.008945
v 0.038528 0.000251 -0.023369
v 0.038543 0.000059 -0.094304
v 0.038593 -0.000274 -0.020376
v 0.038594 -0.000138 0.045726
v 0.038597 0.000625 -0.022916
v 0.038603 0.000682 -0.092946
v 0.038614 0.000415 0.006317
v 0.038642 0.000822 -0.005879
v 0.038662 -0.000237 -0.022858
v 0.038687 -0.000335 0.044702
v 0.038833 -0.000175 -0.083572
v 0.038868 -0.000319 -0.085832
v 0.038903 0.000774 0.042206
v 0.038912 0.000574 -0.084063
v 0.038918 0.000719 -0.086058
v 0.038928 -0.000312 0.005288
v 0.038972 0.000369 -0.095284
v 0.038983 0.000340 0.040395
v 0.038986 -0.000058 0.040481
v 0.039041 0.000275 0.046659
v 0.039077 -0.000066 -0.095412
v 0.039089 -0.000102 0.046532
v 0.039096 0.000618 -0.094751
v 0.039100 0.000639 0.041006
v 0.039122 0.000211 -0.083986
v 0.039156 -0.000393 -0.088436
v 0.039160 0.000799 -0.017171
v 0.039162 0.000672 -0.021751
v 0.039163 0.000608 0.046396
v 0.039197 -0.000271 -0.021158
v 0.039205 -0.000345 -0.094039
v 0.039207 0.000092 0.005565
v 0.039269 -0.000320 0.041866
v 0.039373 0.000451 -0.085893
v 0.039398 0.000032 -0.085805
v 0.039400 0.000637 0.004788
v 0.039437 0.000007 -0.097279
v 0.039498 0.000812 0.000050
v 0.039530 0.000090 0.041096
v 0.039535 -0.000347 0.045973
v 0.039537 0.000108 -0.022869
v 0.039563 -0.000431 0.001784
v 0.039607 0.000608 -0.096748
v 0.039620 0.000256 -0.099499
v 0.039646 0.000414 -0.022544
v 0.039733 -0.000245 -0.088034
v 0.039758 -0.000030 -0.022142
v 0.039770 0.000631 -0.088450
v 0.039794 -0.000087 0.004943
v 0.039885 0.000577 -0.098607
v 0.039890 0.000641 -0.090600
v 0.039904 0.000359 -0.021263
v 0.039955 0.000602 0.042596
v 0.039970 -0.000315 -0.091268
v 0.040006 0.000704 0.003220
v 0.040017 0.000242 -0.087960
v 0.040036 0.000687 -0.020047
v 0.040040 -0.000352 -0.097242
v 0.040066 -0.000008 0.042400
v 0.040133 -0.000306 0.003639
v 0.040145 -0.000273 -0.099400
v 0.040159 0.000772 0.043991
v 0.040265 0.000371 0.047342
v 0.040276 0.000186 -0.090211
v 0.040327 0.000657 -0.100022
v 0.040329 -0.000073 0.047346
v 0.040337 0.000231 0.004108
v 0.040414 0.000130 -0.020566
v 0.040455 0.000801 -0.014744
v 0.040466 -0.000308 0.047096
v 0.040532 0.000677 0.047121
v 0.040568 -0.000294 -0.019895
v 0.040668 0.000775 0.046339
v 0.040684 0.000235 -0.101013
v 0.040686 -0.000408 -0.016134
v 0.040687 -0.000301 0.043980
v 0.040687 0.000480 -0.091884
v 0.040689 -0.000030 -0.091776
v 0.040785 0.000732 -0.092834
v 0.040812 0.000166 0.043350
v 0.040824 -0.000413 -0.095419
v 0.040849 -0.000357 -0.093053
v 0.040851 0.000771 -0.094489
v 0.040884 -0.000440 -0.010773
v 0.041046 0.000245 -0.102020
v 0.041093 0.000032 0.002856
v 0.041114 -0.000065 -0.102819
v 0.041141 0.000632 0.001952
v 0.041161 -0.000426 -0.002532
v 0.041161 0.000487 -0.103390
v 0.041179 0.000771 -0.096575
v 0.041195 -0.000427 -0.013510
v 0.041235 0.000500 0.043931
v 0.041242 -0.000290 -0.101141
v 0.041298 -0.000317 0.001217
v 0.041342 0.000681 -0.101390
v 0.041380 0.000816 -0.011007
v 0.041385 -0.000045 -0.105348
v 0.041469 -0.000335 -0.102555
v 0.041536 0.000514 -0.019760
v 0.041569 -0.000326 -0.104452
v 0.041597 0.000586 -0.105200
v 0.041638 0.000775 -0.000669
v 0.041671 -0.000085 0.001539
v 0.041673 0.000078 -0.019813
v 0.041718 0.000743 -0.103183
v 0.041726 0.000306 0.001571
v 0.041786 -0.000438 -0.007403
v 0.041879 0.000419 -0.107069
v 0.041898 0.000602 -0.093540
v 0.041912 -0.000145 -0.093478
v 0.041935 -0.000024 -0.107404
v 0.041997 0.000182 0.047779
v 0.042010 0.000274 -0.093283
v 0.042086 -0.000305 -0.000835
v 0.042091 -0.000301 -0.018715
v 0.042105 0.000542 -0.000224
v 0.042134 0.000039 0.044640
v 0.042135 0.000194 -0.109121
v 0.042157 0.000621 0.045191
v 0.042220 0.000773 -0.017446
v 0.042226 -0.000320 0.045553
v 0.042302 0.000808 -0.003063
v 0.042331 0.000031 -0.000358
v 0.042343 -0.000310 0.047267
v 0.042363 -0.000345 -0.106658
v 0.042376 -0.000365 -0.015359
v 0.042400 -0.000261 -0.094870
v 0.042416 0.000672 0.047329
v 0.042428 0.000208 -0.110653
v 0.042454 0.000605 -0.109136
v 0.042483 0.000314 -0.120189
v 0.042484 -0.000260 -0.109184
v 0.042525 0.000737 -0.106841
v 0.042544 0.000777 -0.100460
v 0.042552 0.000547 -0.018856
v 0.042556 0.000663 -0.095247
v 0.042566 0.000320 -0.121930
v 0.042610 -0.000007 -0.119626
v 0.042654 0.000707 -0.015836
v 0.042739 -0.000411 -0.103007
v 0.042774 -0.000386 -0.099533
v 0.042778 -0.000170 -0.121762
v 0.042782 -0.000129 -0.111111
v 0.042784 0.000065 -0.018976
v 0.042818 0.000102 -0.123472
v 0.042825 -0.000329 -0.096530
v 0.042856 -0.000314 -0.120169
v 0.042873 0.000745 -0.014501
v 0.042875 0.000328 -0.094976
v 0.042878 0.000650 -0.121053
v 0.042966 0.000564 -0.122978
v 0.042969 -0.000034 0.048495
v 0.042982 0.000398 -0.118482
v 0.043020 0.000686 -0.002066
v 0.043082 0.000651 -0.110990
v 0.043097 -0.000355 -0.016736
v 0.043123 0.000431 -0.124056
v 0.043158 -0.000278 -0.002271
v 0.043163 -0.000263 -0.123368
v 0.043204 0.000298 -0.001709
v 0.043213 0.000665 -0.119014
v 0.043222 0.000600 -0.097459
v 0.043228 0.000295 0.045716
v 0.043241 0.000061 -0.118057
v 0.043243 0.000018 -0.124295
v 0.043286 0.000375 0.048763
v 0.043308 -0.000289 -0.118621
v 0.043308 0.000014 -0.096405
v 0.043398 -0.000056 -0.112635
v 0.043401 0.000200 -0.126696
v 0.043412 0.000278 -0.112731
v 0.043515 -0.000129 -0.098023
v 0.043533 -0.000100 0.046287
v 0.043575 0.000700 -0.016852
v 0.043613 -0.000355 -0.014333
v 0.043620 0.000531 -0.126634
v 0.043655 0.000249 -0.097780
v 0.043665 0.000793 -0.105242
v 0.043673 0.000815 -0.007741
v 0.043682 -0.000383 -0.120209
v 0.043709 0.000622 -0.123861
v 0.043728 0.000513 -0.015511
v 0.043743 0.000764 -0.120082
v 0.043765 -0.000203 -0.123934
v 0.043770 0.000202 -0.127755
v 0.043812 0.000224 -0.124636
v 0.043830 -0.000337 -0.112090
v 0.043830 -0.000199 -0.127247
v 0.043852 -0.000260 -0.017697
v 0.043856 0.000620 0.047006
v 0.043877 -0.000168 -0.015456
v 0.043956 0.000480 -0.017850
v 0.043963 0.000037 -0.018052
v 0.043965 0.000792 -0.108951
v 0.044007 0.000676 -0.112817
v 0.044050 0.000467 -0.099748
v 0.044060 0.000146 -0.117519
v 0.044063 0.000797 -0.013329
v 0.044069 0.000635 -0.127514
v 0.044071 0.000218 -0.125810
v 0.044081 -0.000044 -0.099725
v 0.044125 0.000709 0.048661
v 0.044131 -0.000212 -0.126459
v 0.044142 -0.000195 -0.117920
v 0.044143 0.000687 -0.122163
v 0.044162 0.000287 0.046820
v 0.044173 -0.000401 -0.109214
v 0.044174 -0.000284 0.049043
v 0.044224 0.000551 -0.117635
v 0.044241 -0.000301 -0.122163
v 0.044301 -0.000240 -0.113795
v 0.044309 -0.000430 -0.008561
v 0.044316 -0.000311 -0.003151
v 0.044320 0.000471 -0.002507
v 0.044325 -0.000040 0.049719
v 0.044337 0.000057 -0.002438
v 0.044380 -0.000379 -0.004985
v 0.044395 0.000034 -0.114718
v 0.044408 0.000664 -0.003563
v 0.044443 -0.000264 -0.100976
v 0.044445 0.000787 -0.005033
v 0.044459 0.000202 -0.122909
v 0.044491 0.000409 -0.114880
v 0.044541 -0.000011 -0.128174
v 0.044615 0.000522 0.049737
v 0.044639 0.000208 -0.116650
v 0.044726 0.000686 -0.101344
v 0.044735 0.000810 -0.009809
v 0.044744 -0.000277 0.047762
v 0.044746 -0.000396 -0.105982
v 0.044794 -0.000380 -0.102268
v 0.044830 -0.000307 -0.016519
v 0.044845 0.000276 -0.003148
v 0.044888 0.000634 -0.016641
v 0.044921 -0.000109 -0.004198
v 0.044922 0.000759 -0.103505
v 0.045002 -0.000304 -0.127772
v 0.045006 0.000095 -0.017242
v 0.045009 0.000006 0.047406
v 0.045012 -0.000344 -0.119949
v 0.045069 0.000598 -0.126977
v 0.045077 -0.000233 -0.116041
v 0.045120 0.000513 -0.121069
v 0.045149 0.000263 -0.101177
v 0.045158 -0.000326 -0.104031
v 0.045174 0.000287 -0.004422
v 0.045187 0.000415 -0.128543
v 0.045196 0.000706 -0.115541
v 0.045248 -0.000091 -0.126757
v 0.045270 0.000083 -0.121133
v 0.045333 0.000694 -0.014806
v 0.045377 0.000622 -0.102314
v 0.045380 0.000290 -0.126752
v 0.045431 -0.000202 -0.102552
v 0.045502 0.000688 -0.105545
v 0.045524 0.000630 0.048233
v 0.045572 0.000778 -0.117565
v 0.045578 0.000595 -0.005048
v 0.045582 0.000346 0.047790
v 0.045658 0.000253 0.050386
v 0.045675 -0.000405 -0.111524
v 0.045686 -0.000428 -0.011375
v 0.045694 -0.000012 -0.104194
v 0.045698 -0.000287 -0.127680
v 0.045710 -0.000393 -0.113489
v 0.045718 0.000238 -0.102818
v 0.045726 0.000433 -0.104597
v 0.045737 0.000759 -0.111020
v 0.045746 0.000689 -0.108272
v 0.045770 0.000770 -0.113139
v 0.045786 -0.000135 -0.105834
v 0.045787 -0.000247 0.050083
v 0.045791 -0.000123 -0.128727
v 0.045811 0.000629 -0.128448
v 0.045820 -0.000034 -0.005058
v 0.045844 -0.000193 -0.107782
v 0.045943 -0.000389 -0.006053
v 0.045998 -0.000349 -0.015589
v 0.046021 0.000478 -0.106684
v 0.046029 0.000662 0.049354
v 0.046098 0.000752 -0.005863
v 0.046112 0.000698 -0.119887
v 0.046126 0.000131 -0.106787
v 0.046129 -0.000309 0.049271
v 0.046153 0.000353 -0.108041
v 0.046161 -0.000307 -0.109842
v 0.046161 0.000108 -0.120721
v 0.046176 -0.000251 -0.120121
v 0.046185 0.000092 0.048431
v 0.046190 0.000214 -0.128886
v 0.046214 -0.000003 -0.127662
v 0.046283 0.000424 -0.127996
v 0.046287 -0.000378 -0.118297
v 0.046292 0.000597 -0.017139
v 0.046370 -0.000087 -0.128442
v 0.046422 0.000629 0.050302
v 0.046495 0.000099 -0.017528
v 0.046499 0.000207 -0.109355
v 0.046532 -0.000305 -0.016867
v 0.046600 0.000751 -0.118494
v 0.046657 -0.000408 -0.115714
v 0.046660 0.000267 -0.120157
v 0.046705 -0.000156 -0.111984
v 0.046737 -0.000038 0.050535
v 0.046742 0.000426 -0.110542
v 0.046751 0.000346 0.050582
v 0.046771 -0.000064 -0.110462
v 0.046801 0.000760 -0.114753
v 0.046813 0.000482 -0.112233
v 0.046918 0.000405 -0.005193
v 0.046939 -0.000163 -0.118936
v 0.046963 -0.000300 -0.005760
v 0.046969 -0.000402 -0.014205
v 0.046996 0.000574 -0.118861
v 0.047021 0.000807 -0.012715
v 0.047091 -0.000032 -0.005217
v 0.047101 0.000190 -0.119061
v 0.047164 0.000637 -0.113412
v 0.047216 -0.000057 -0.017411
v 0.047219 -0.000147 0.049166
v 0.047270 -0.000285 -0.114200
v 0.047279 0.000415 -0.017422
v 0.047292 0.000606 -0.005834
v 0.047368 -0.000057 -0.113208
v 0.047402 -0.000323 -0.116781
v 0.047410 0.000757 -0.016264
v 0.047476 0.000647 -0.116774
v 0.047582 0.000211 -0.113806
v 0.047616 0.000290 0.048916
v 0.047633 0.000181 -0.005934
v 0.047646 0.000617 0.049986
v 0.047661 0.000498 -0.114731
v 0.047694 -0.000005 -0.117606
v 0.047700 0.000771 -0.008276
v 0.047703 0.000420 -0.117580
v 0.047816 0.000097 -0.116165
v 0.047902 -0.000367 -0.008133
v 0.048162 -0.000133 -0.007214
v 0.048339 -0.000200 0.049092
v 0.048343 -0.000270 0.050199
v 0.048381 0.000335 0.050539
v 0.048399 0.000616 0.049147
v 0.048571 0.000363 -0.007628
v 0.048575 0.000008 -0.017039
v 0.048666 0.000141 0.048881
v 0.048681 0.000652 -0.016770
v 0.048696 -0.000354 -0.016218
v 0.049014 0.000404 -0.017012
v 0.049031 0.000640 -0.008436
v 0.049102 0.000354 -0.032419
v 0.049166 0.000007 -0.032145
v 0.049400 0.000587 0.049872
v 0.049487 -0.000186 0.049763
v 0.049508 -0.000009 -0.008517
v 0.049518 0.000634 -0.032415
v 0.049546 0.000049 -0.039074
v 0.049594 0.000362 -0.033243
v 0.049629 -0.000189 -0.032943
v 0.049635 0.000251 0.049605
v 0.049653 0.000425 -0.039079
v 0.049677 0.000385 -0.031427
v 0.049746 -0.000139 -0.031672
v 0.049779 0.000151 0.051342
v 0.049784 0.000351 -0.008790
v 0.049836 -0.000069 -0.040420
v 0.049874 0.000319 -0.040650
v 0.049895 -0.000334 -0.009978
v 0.049955 -0.000306 -0.039413
v 0.050075 -0.000112 -0.016891
v 0.050115 -0.000245 0.051041
v 0.050179 0.000338 -0.016995
v 0.050248 0.000603 0.050946
v 0.050289 0.000329 -0.030587
v 0.050344 0.000015 -0.037339
v 0.050362 0.000638 -0.040570
v 0.050395 0.000388 0.051397
v 0.050415 -0.000232 -0.030890
v 0.050417 0.000465 -0.037323
v 0.050432 -0.000420 -0.011595
v 0.050471 0.000123 -0.041192
v 0.050545 0.000695 -0.038407
v 0.050563 -0.000293 -0.040684
v 0.050573 -0.000243 0.050345
v 0.050619 0.000628 -0.010165
v 0.050625 0.000599 -0.031020
v 0.050648 0.000790 -0.015595
v 0.050650 -0.000380 -0.032616
v 0.050680 0.000798 -0.011497
v 0.050687 -0.000301 -0.038028
v 0.050695 0.000114 0.050006
v 0.050738 0.000092 0.051302
v 0.050756 0.000355 -0.034099
v 0.050787 0.000192 -0.030434
v 0.050789 0.000545 0.050315
v 0.050809 0.000664 -0.033735
v 0.050870 -0.000225 -0.031006
v 0.050881 0.000055 -0.010073
v 0.050980 0.000314 -0.036929
v 0.051025 -0.000423 -0.014081
v 0.051060 0.000751 -0.039796
v 0.051065 0.000559 -0.016780
v 0.051070 0.000095 -0.034242
v 0.051103 -0.000052 0.050878
v 0.051147 -0.000309 -0.033866
v 0.051150 0.000333 0.050872
v 0.051162 -0.000095 -0.037083
v 0.051181 -0.000349 -0.016161
v 0.051193 0.000633 -0.037281
v 0.051206 0.000101 -0.030958
v 0.051279 0.000045 -0.016886
v 0.051345 0.000637 -0.032566
v 0.051424 -0.000211 -0.032378
v 0.051577 -0.000356 -0.039382
v 0.051584 0.000443 -0.041702
v 0.051647 0.000305 -0.032224
v 0.051825 0.000140 -0.037233
v 0.051831 0.000006 -0.041717
v 0.051834 -0.000240 -0.011069
v 0.052128 0.000224 -0.010936
v 0.052130 0.000505 -0.033763
v 0.052145 -0.000290 -0.033457
v 0.052184 0.000634 -0.041199
v 0.052213 -0.000251 -0.040977
v 0.052214 0.000673 -0.038206
v 0.052227 -0.000257 -0.038076
v 0.052261 0.000446 -0.037561
v 0.052328 0.000080 -0.017150
v 0.052353 0.000492 -0.039808
v 0.052373 0.000404 -0.041733
v 0.052402 -0.000032 -0.033844
v 0.052444 0.000167 -0.033076
v 0.052458 -0.000271 -0.016792
v 0.052470 0.000647 -0.011403
v 0.052474 0.000030 -0.039629
v 0.052640 0.000064 -0.041493
v 0.052691 0.000018 -0.037904
v 0.052709 0.000667 -0.016653
v 0.052717 0.000273 -0.040977
v 0.052737 0.000203 -0.033543
v 0.052779 0.000291 -0.017100
v 0.052796 0.000378 -0.038446
v 0.052866 0.000042 -0.038543
v 0.052937 -0.000340 -0.012273
v 0.053048 -0.000386 -0.015651
v 0.053050 0.000241 0.058158
v 0.053242 0.000218 -0.011527
v 0.053274 0.000080 0.057576
v 0.053410 -0.000037 0.058864
v 0.053413 0.000553 0.057816
v 0.053473 -0.000260 0.058117
v 0.053521 0.000646 0.058425
v 0.053555 0.000395 0.059061
v 0.053562 -0.000135 -0.016528
v 0.053760 0.000392 0.057539
v 0.053998 -0.000099 0.057671
v 0.054019 0.000785 -0.012800
v 0.054262 0.000325 -0.016362
v 0.054337 -0.000313 0.059175
v 0.054441 0.000114 0.060061
v 0.054650 0.000658 0.059710
v 0.054698 0.000769 -0.015311
v 0.054858 0.000628 -0.012026
v 0.054874 0.000615 -0.015850
v 0.054929 0.000092 -0.011846
v 0.055017 -0.000250 0.058116
v 0.055019 0.000660 0.058181
v 0.055091 -0.000364 -0.015118
v 0.055142 0.000057 -0.016087
v 0.055263 -0.000025 0.061014
v 0.055269 -0.000344 -0.012680
v 0.055368 -0.000286 0.060621
v 0.055408 0.000205 0.057881
v 0.055669 0.000574 0.060757
v 0.055866 0.000115 0.061148
v 0.056035 0.000743 0.059309
v 0.056106 0.000449 -0.016158
v 0.056235 -0.000069 -0.016269
v 0.056305 0.000442 0.058364
v 0.056413 -0.000305 -0.015831
v 0.056450 -0.000283 0.058929
v 0.056491 -0.000299 0.060309
v 0.056492 -0.000093 -0.011922
v 0.056682 0.000682 -0.012336
v 0.056767 0.000406 -0.011941
v 0.056895 -0.000314 -0.012425
v 0.057174 0.000171 0.058616
v 0.057190 0.000641 0.060322
v 0.057290 0.000140 0.060744
v 0.057309 0.000624 0.059109
v 0.057501 0.000003 -0.016230
v 0.057566 -0.000386 -0.013755
v 0.057674 0.000770 -0.013960
v 0.057723 0.000544 -0.015993
v 0.057908 -0.000003 -0.012547
v 0.058016 0.000505 -0.012723
v 0.058187 0.000400 0.060889
v 0.058321 -0.000166 0.059768
v 0.058337 -0.000288 0.060519
v 0.058548 0.000014 0.061140
v 0.058767 0.000226 0.059923
v 0.058835 0.000617 0.060644
v 0.058873 -0.000320 -0.016059
v 0.059028 -0.000254 -0.013100
v 0.059109 0.000251 -0.012760
v 0.059110 0.000630 -0.013125
v 0.059364 0.000410 0.061839
v 0.059585 -0.000015 -0.016915
v 0.059765 0.000393 -0.016965
v 0.059921 -0.000113 0.061201
v 0.060033 -0.000273 0.062016
v 0.060073 0.000334 0.061268
v 0.060120 0.000444 -0.013397
v 0.060213 0.000014 0.062537
v 0.060229 0.000636 0.061879
v 0.060240 -0.000049 -0.013355
v 0.060401 0.000470 0.062584
v 0.060435 0.000750 -0.016472
v 0.060787 -0.000329 -0.013845
v 0.061058 0.000522 -0.017533
v 0.061142 0.000672 -0.013847
v 0.061201 0.000375 -0.013539
v 0.061225 -0.000413 -0.015224
v 0.061276 0.000033 -0.017811
v 0.061372 0.000782 -0.014874
v 0.061442 -0.000328 -0.017222
v 0.061518 0.000430 0.062129
v 0.061600 0.000338 0.063114
v 0.061616 -0.000026 0.063069
v 0.061721 -0.000287 0.062547
v 0.061807 0.000023 0.062147
v 0.062290 0.000621 0.062938
v 0.062442 0.000004 -0.018483
v 0.062519 0.000580 -0.018308
v 0.062569 -0.000023 -0.013987
v 0.062729 0.000636 -0.014263
v 0.063084 -0.000324 -0.018161
v 0.063101 0.000792 -0.017418
v 0.063243 0.000442 0.062603
v 0.063333 -0.000300 -0.014589
v 0.063392 -0.000241 0.063281
v 0.063473 0.000134 0.063677
v 0.063543 -0.000105 0.062636
v 0.063625 0.000250 -0.019535
v 0.063738 -0.000134 -0.019269
v 0.063804 0.000168 -0.020931
v 0.064063 0.000647 -0.019398
v 0.064207 0.000527 -0.021358
v 0.064281 -0.000289 -0.020460
v 0.064315 0.000434 0.063846
v 0.064378 -0.000241 -0.021439
v 0.064448 -0.000358 -0.018662
v 0.064477 0.000140 -0.021898
v 0.064508 0.000673 0.062939
v 0.064660 0.000375 0.062519
v 0.064755 0.000758 -0.020639
v 0.064771 0.000015 0.063830
v 0.064792 0.000393 -0.014832
v 0.064795 -0.000094 -0.014894
v 0.064883 0.000621 -0.021760
v 0.064924 0.000523 0.063574
v 0.064956 -0.000256 0.063158
v 0.065006 0.000735 -0.015372
v 0.065079 -0.000083 -0.021934
v 0.065198 0.000083 0.062694
v 0.065343 0.000796 -0.017397
v 0.065353 0.000484 0.063088
v 0.065364 0.000317 -0.021932
v 0.065395 -0.000395 -0.016237
v 0.065458 0.000110 0.063412
v 0.065586 -0.000267 -0.021308
v 0.066332 -0.000313 -0.015528
v 0.066437 0.000664 -0.020717
v 0.066498 0.000049 -0.015210
v 0.066516 0.000604 -0.015411
v 0.066628 0.000148 -0.021192
v 0.067041 -0.000399 -0.019426
v 0.067159 -0.000122 -0.020740
v 0.068076 -0.000281 -0.015736
v 0.068268 0.000759 -0.016375
v 0.068310 0.000323 -0.015467
v 0.068403 -0.000287 -0.019933
v 0.068466 -0.000007 -0.020299
v 0.068584 0.000483 -0.020168
v 0.068624 -0.000412 -0.016436
v 0.068719 0.000748 -0.019328
v 0.069373 -0.000271 -0.015756
v 0.069687 0.000156 -0.015451
v 0.069790 0.000602 -0.019817
v 0.070104 0.000517 -0.015721
v 0.070268 -0.000347 -0.019409
v 0.070415 0.000108 -0.019944
v 0.070860 -0.000417 -0.017821
v 0.071075 -0.000241 -0.016091
v 0.071301 0.000478 -0.019794
v 0.071470 0.000685 -0.016341
v 0.071661 0.000756 -0.018858
v 0.071799 0.000301 -0.015941
v 0.072145 -0.000088 -0.016114
v 0.072363 -0.000317 -0.019436
v 0.072505 0.000108 -0.020248
v 0.072897 0.000613 -0.020016
v 0.073250 -0.000312 -0.017421
v 0.073434 0.000641 -0.017377
v 0.073435 0.000197 -0.016874
v 0.073784 -0.000170 -0.020741
v 0.073812 0.000533 -0.020882
v 0.074668 0.000762 -0.019738
v 0.074918 0.000499 -0.018123
v 0.074970 -0.000075 -0.018044
v 0.075000 0.000162 -0.021573
v 0.075214 -0.000383 -0.019243
v 0.075463 0.000657 -0.021378
v 0.075835 -0.000315 -0.021343
v 0.076054 -0.000239 -0.018586
v 0.076241 0.000262 -0.018389
v 0.076534 0.000667 -0.019357
v 0.076582 -0.000044 -0.022171
v 0.076754 -0.000220 -0.019153
v 0.076759 0.000046 -0.018772
v 0.076909 0.000745 -0.021244
v 0.076924 0.000431 -0.022288
v 0.077082 -0.000022 -0.025143
v 0.077103 0.000247 -0.025922
v 0.077117 0.000400 -0.025089
v 0.077463 0.000085 -0.023472
v 0.077584 0.000629 -0.025609
v 0.077658 0.000114 -0.019746
v 0.077669 0.000510 -0.019979
v 0.077687 -0.000216 -0.025909
v 0.077852 -0.000304 -0.024860
v 0.077894 0.000151 -0.026336
v 0.077972 -0.000341 -0.020765
v 0.077979 -0.000326 -0.022858
v 0.077997 0.000663 -0.023446
v 0.078786 -0.000081 -0.020476
v 0.079047 0.000770 -0.025017
v 0.079200 0.000689 -0.021324
v 0.079296 0.000294 -0.020700
v 0.079332 0.000164 -0.026365
v 0.079500 0.000615 -0.026028
v 0.080201 0.000794 -0.023435
v 0.080420 -0.000315 -0.025689
v 0.080422 -0.000221 -0.021618
v 0.080474 0.000163 -0.026286
v 0.080883 0.000083 -0.021446
v 0.081092 -0.000398 -0.023957
v 0.081299 0.000770 -0.022437
v 0.081533 0.000603 -0.026391
v 0.081546 0.000600 -0.021767
v 0.081653 -0.000190 -0.026511
v 0.081950 0.000225 -0.026829
v 0.082362 0.000783 -0.025066
v 0.082425 0.000304 -0.021727
v 0.082614 -0.000040 -0.021917
v 0.082708 -0.000302 -0.022469
v 0.082990 -0.000091 -0.026993
v 0.083460 0.000397 -0.022567
v 0.083496 -0.000341 -0.026585
v 0.083604 0.000616 -0.023074
v 0.084043 0.000339 -0.027512
v 0.084073 -0.000309 -0.023565
v 0.084190 0.000658 -0.027153
v 0.084376 -0.000058 -0.027584
v 0.084386 0.000001 -0.023222
v 0.085001 0.000770 -0.026154
v 0.085027 0.000679 -0.024461
v 0.085114 -0.000353 -0.024904
v 0.085284 0.000370 -0.023951
v 0.085612 -0.000303 -0.028005
v 0.085712 0.000054 -0.024419
v 0.085763 0.000016 -0.028775
v 0.085904 0.000462 -0.028845
v 0.085929 0.000502 -0.025084
v 0.085933 -0.000394 -0.026786
v 0.086058 0.000736 -0.027946
v 0.086174 -0.000248 -0.025760
v 0.086490 0.000111 -0.029255
v 0.086615 0.000229 -0.025774
v 0.086708 -0.000271 -0.028906
v 0.086766 0.000640 -0.026442
v 0.086979 0.000570 -0.028925
v 0.087569 -0.000119 -0.026819
v 0.087571 -0.000333 -0.028441
v 0.087714 0.000346 -0.026774
v 0.087939 0.000035 -0.029165
v 0.088054 0.000646 -0.027950
v 0.088514 0.000514 -0.029081
v 0.088796 -0.000292 -0.028244
v 0.089016 0.000169 -0.027930
v 0.089245 0.000094 -0.029687
v 0.089753 0.000670 -0.028889
v 0.089830 -0.000275 -0.029504
v 0.090455 0.000563 -0.029941
v 0.090496 -0.000232 -0.028981
v 0.090620 0.000463 -0.028804
v 0.090649 0.000218 -0.030262
v 0.090708 0.000068 -0.028748
v 0.091884 0.000646 -0.029815
v 0.091933 -0.000023 -0.031078
v 0.091995 -0.000311 -0.030444
v 0.092012 -0.000159 -0.029655
v 0.092200 0.000488 -0.031120
v 0.092210 0.000271 -0.029572
v 0.092585 0.000061 -0.032278
v 0.092902 0.000547 -0.032204
v 0.093046 -0.000279 -0.032071
v 0.093316 0.000175 -0.032691
v 0.093483 -0.000298 -0.030652
v 0.094142 0.000447 -0.030416
v 0.094151 0.000693 -0.031032
v 0.094154 0.000596 -0.032190
v 0.094270 0.000054 -0.032428
v 0.094348 0.000060 -0.030459
v 0.094676 -0.000305 -0.031991
v 0.095189 0.000184 -0.032829
v 0.095371 0.000574 -0.032629
v 0.095414 -0.000275 -0.031210
v 0.095803 0.000521 -0.031182
v 0.095837 -0.000240 -0.033179
v 0.095903 0.000749 -0.032078
v 0.096016 -0.000039 -0.034001
v 0.096162 0.000066 -0.031240
v 0.096353 0.000439 -0.034238
v 0.096766 0.000737 -0.033693
v 0.096871 -0.000294 -0.032402
v 0.097226 0.000284 -0.032012
v 0.097361 0.000687 -0.032596
v 0.097397 0.000041 -0.035214
v 0.097438 -0.000287 -0.034649
v 0.098115 0.000638 -0.035322
v 0.098293 -0.000325 -0.033487
v 0.098436 0.000145 -0.036021
v 0.098473 -0.000066 -0.032950
v 0.098554 0.000387 -0.032879
v 0.098682 0.000490 -0.036082
v 0.098926 0.000690 -0.033810
v 0.099495 -0.000392 -0.034869
v 0.099578 -0.000292 -0.036022
v 0.099752 0.000114 -0.036575
v 0.099918 0.000547 -0.036378
v 0.100033 0.000744 -0.035304
v 0.100057 -0.000288 -0.034243
v 0.100216 0.000209 -0.033864
v 0.100423 0.000600 -0.034529
v 0.100556 -0.000071 -0.036591
v 0.100711 0.000506 -0.036416
v 0.100886 -0.000313 -0.035683
v 0.101065 0.000531 -0.035812
v 0.101185 -0.000096 -0.035282
v 0.101216 0.000276 -0.035274
v 0.101245 -0.000028 -0.036006
v 0.135053 0.000025 -0.034720
v 0.135216 0.000461 -0.034532
v 0.135218 0.000455 -0.035015
v 0.135340 0.000073 -0.035302
v 0.135444 0.000038 -0.034389
v 0.135472 -0.000222 -0.034943
v 0.135610 0.000381 -0.035340
v 0.135746 0.000315 -0.034435
v 0.135755 0.000050 -0.035227
v 0.135777 0.000458 -0.034858
v 0.135866 -0.000019 -0.034778
usemtl Water
s 0
g		Puddle14-BloodFX-Flink
f 705 730 685
f 1994 1989 2013
f 3771 3783 3777
f 2487 2480 2455
f 2072 2043 2107
f 2708 2743 2714
f 3226 3210 3249
f 2766 2722 2820
f 3933 3932 3943
f 81 80 74
f 2869 2759 2799
f 1937 2048 2129
f 1601 1676 1552
f 3310 3387 3327
f 851 1056 874
f 1742 1756 1732
f 2403 2422 2414
f 3768 3742 3766
f 2324 2325 2333
f 2652 2671 2653
f 435 454 416
f 1683 1675 1666
f 1642 1558 1579
f 2413 2361 2434
f 3857 3852 3864
f 461 453 576
f 217 208 216
f 3502 3469 3509
f 150 148 186
f 1678 1688 1671
f 5 16 19
f 1387 1416 1417
f 1840 1805 1825
f 2583 2547 2601
f 1650 1666 1675
f 3849 3853 3856
f 2246 2280 2250
f 3374 3326 3344
f 2145 2147 2135
f 3407 3342 3392
f 3464 3470 3489
f 857 854 824
f 2896 2904 2939
f 34 57 39
f 537 515 508
f 502 451 470
f 3309 3289 3332
f 2591 2646 2596
f 2053 1963 2128
f 329 318 338
f 2447 2491 2504
f 1393 1387 1386
f 3495 3468 3424
f 3910 3916 3904
f 5 7 10
f 1570 1586 1540
f 325 321 334
f 2898 2869 2929
f 641 653 668
f 2952 2974 2933
f 334 341 325
f 1339 1430 1308
f 3379 3297 3420
f 3215 3175 3181
f 3574 3584 3590
f 2582 2560 2570
f 329 334 321
f 2925 2922 2880
f 351 356 349
f 1562 1536 1576
f 479 469 518
f 3158 3210 3167
f 1213 1234 1250
f 407 438 421
f 2389 2439 2388
f 1537 1388 1479
f 3937 3948 3940
f 3390 3371 3364
f 3645 3668 3646
f 1325 1329 1294
f 1371 1372 1320
f 253 285 308
f 22 34 39
f 154 165 153
f 318 337 338
f 674 558 606
f 2611 2599 2648
f 672 661 680
f 400 376 414
f 3879 3862 3878
f 2488 2471 2453
f 1793 1813 1886
f 3614 3608 3629
f 109 114 103
f 105 92 106
f 372 543 512
f 3161 3162 3126
f 1631 1660 1671
f 936 919 976
f 2036 2195 2155
f 3522 3518 3463
f 315 322 309
f 3417 3429 3457
f 2431 2482 2523
f 1410 1424 1443
f 3492 3448 3474
f 755 925 851
f 1163 1158 1117
f 316 309 322
f 2962 2977 2920
f 1577 1560 1659
f 1747 1736 1764
f 899 932 1028
f 128 137 129
f 2785 2839 2780
f 1508 1518 1569
f 3456 3462 3450
f 132 148 150
f 1901 1913 1961
f 3909 3913 3908
f 2002 1847 1944
f 2451 2566 2365
f 1924 1873 2009
f 687 691 676
f 1726 1648 1734
f 1366 1346 1146
f 667 682 668
f 2149 2148 2131
f 1492 1502 1366
f 1710 1640 1629
f 1045 1052 972
f 1335 1292 1315
f 1549 1624 1580
f 3688 3658 3695
f 466 372 367
f 1797 1739 1799
f 2618 2567 2635
f 1916 1923 1952
f 2965 3003 2970
f 1774 1763 1715
f 2705 2942 2825
f 1510 1513 1477
f 2374 2430 2391
f 1729 1719 1773
f 3861 3866 3874
f 3902 3898 3903
f 3572 3568 3576
f 985 1030 1049
f 828 834 853
f 3015 3097 2998
f 132 133 148
f 75 70 82
f 2706 2689 2862
f 3380 3422 3426
f 2817 2857 2795
f 2242 2062 2212
f 3877 3864 3860
f 3653 3649 3627
f 2473 2399 2357
f 3389 3378 3400
f 3469 3514 3458
f 3772 3775 3749
f 2199 2196 2239
f 1902 2026 1919
f 2335 2412 2307
f 99 91 100
f 113 111 117
f 1961 1980 2031
f 518 469 536
f 1794 1788 1783
f 252 228 254
f 2240 2228 2204
f 2573 2568 2549
f 2011 2049 2035
f 1888 1792 1906
f 3204 3155 3208
f 1356 1302 1369
f 1204 1111 1195
f 2812 2788 2814
f 2870 2912 2928
f 2581 2506 2400
f 3047 3027 3055
f 49 68 61
f 3135 3152 3151
f 2590 2577 2564
f 1369 1382 1356
f 59 53 43
f 3460 3476 3434
f 2581 2620 2556
f 2868 2876 2904
f 3175 3154 3181
f 173 174 164
f 840 983 871
f 1814 1759 1811
f 2663 2706 2739
f 3658 3664 3695
f 3352 3368 3355
f 3883 3889 3891
f 1816 1873 1862
f 268 275 272
f 1004 1031 1048
f 540 529 538
f 3444 3425 3373
f 3852 3857 3850
f 3453 3401 3503
f 945 921 1006
f 1518 1524 1563
f 2699 2725 2788
f 998 1015 1051
f 3747 3730 3739
f 325 315 307
f 2964 2833 3029
f 2985 2919 3018
f 2481 2488 2511
f 1331 1349 1325
f 1285 1294 1329
f 1103 1094 1073
f 1142 958 1152
f 1355 1362 1415
f 1298 1278 1321
f 2215 2214 2296
f 2099 2114 2144
f 2472 2481 2432
f 1064 1110 1037
f 1180 1303 1083
f 119 123 127
f 1793 1944 1847
f 4066 4067 4065
f 3475 3493 3508
f 2832 2882 2990
f 695 723 765
f 2690 2679 2631
f 2343 2275 2304
f 3361 3277 3273
f 3901 3884 3900
f 2161 2210 2186
f 1543 1493 1459
f 1146 940 1185
f 3724 3723 3751
f 3225 3219 3173
f 1366 1146 1185
f 2617 2659 2668
f 1967 1950 1925
f 1321 1278 1283
f 2727 2770 2781
f 332 339 350
f 1034 1142 1217
f 3913 3920 3921
f 101 97 105
f 1048 1046 1062
f 529 495 538
f 2991 3039 2918
f 58 44 38
f 3651 3627 3631
f 2547 2491 2551
f 610 616 652
f 300 278 326
f 1610 1611 1587
f 2284 2242 2212
f 2325 2324 2310
f 2452 2489 2439
f 680 699 698
f 928 997 937
f 2822 2813 2811
f 2334 2362 2319
f 4067 4066 4064
f 3467 3454 3473
f 3502 3509 3531
f 1138 1164 1053
f 3053 3018 3085
f 4066 4065 4063
f 2855 2961 2859
f 1961 1913 1980
f 402 374 413
f 2586 2553 2557
f 1324 1388 1152
f 3572 3584 3560
f 2781 2770 2787
f 3260 3283 3314
f 68 62 71
f 1179 1118 1182
f 2872 2898 2902
f 3928 3934 3927
f 455 473 491
f 585 575 589
f 2398 2543 2346
f 1934 1973 1962
f 2142 2144 2114
f 714 717 704
f 2074 2110 2042
f 4062 4065 4067
f 1296 1210 1187
f 1394 1392 1375
f 866 930 915
f 2042 2041 1990
f 2187 2172 2162
f 3741 3730 3747
f 151 150 180
f 1868 1854 1771
f 4061 4062 4067
f 3703 3711 3721
f 439 457 425
f 3839 3823 3844
f 2052 2065 2075
f 777 1005 724
f 1014 1107 1087
f 480 558 477
f 1706 1676 1601
f 1612 1620 1656
f 924 991 979
f 513 477 558
f 3429 3513 3457
f 335 349 339
f 3028 2988 3065
f 3046 2993 3013
f 495 476 432
f 640 661 629
f 473 471 481
f 2580 2621 2776
f 3190 3221 3282
f 2536 2580 2719
f 3440 3409 3404
f 100 93 107
f 2871 2804 2918
f 2384 2414 2394
f 193 182 197
f 4059 4066 4063
f 3174 3213 3250
f 1097 1082 1032
f 1800 1768 1729
f 3917 3926 3915
f 444 415 434
f 511 492 522
f 1227 1240 1309
f 1761 1759 1713
f 2544 2541 2401
f 36 38 20
f 3484 3586 3639
f 620 594 633
f 3886 3887 3896
f 2399 2578 2451
f 1870 1828 1843
f 485 449 437
f 3750 3753 3757
f 306 319 297
f 742 745 807
f 958 946 1152
f 3185 3195 3144
f 1896 1927 1876
f 2563 2604 2477
f 1262 1249 1204
f 470 460 471
f 1528 1435 1523
f 330 354 313
f 571 588 633
f 4063 4065 4060
f 3010 3057 2961
f 2983 2875 2758
f 2301 2355 2327
f 3846 3832 3833
f 1339 1274 1377
f 410 432 391
f 402 378 374
f 1113 989 1061
f 1073 1094 1040
f 3877 3880 3872
f 865 663 966
f 2456 2483 2452
f 2110 2142 2096
f 4059 4058 4066
f 2781 2790 2741
f 2197 2203 2204
f 4066 4058 4064
f 1328 1287 1327
f 394 446 442
f 3487 3444 3453
f 859 882 909
f 2509 2546 2607
f 1475 1306 1202
f 4062 4060 4065
f 1681 1643 1624
f 2303 2296 2235
f 2618 2645 2652
f 103 102 109
f 1210 1056 1187
f 499 510 514
f 178 172 184
f 2188 2260 2210
f 2661 2792 2621
f 4062 4061 4057
f 2322 2333 2312
f 1505 1507 1517
f 203 196 206
f 3929 3928 3927
f 1674 1665 1632
f 2349 2281 2275
f 779 783 977
f 2911 2897 2816
f 506 521 482
f 116 114 109
f 3781 3795 3782
f 2656 2675 2653
f 810 847 808
f 1969 1957 1972
f 3869 3874 3866
f 899 880 932
f 464 462 519
f 4060 4059 4063
f 789 812 776
f 3677 3668 3681
f 1300 1221 1136
f 2492 2521 2460
f 1204 1170 1064
f 674 606 746
f 3684 3672 3567
f 3922 3926 3930
f 3907 3897 3904
f 423 424 475
f 2221 2200 2183
f 3773 3768 3781
f 101 104 96
f 3178 3122 3180
f 2970 2935 2927
f 2450 2341 2418
f 4064 4061 4067
f 897 925 815
f 1033 1027 993
f 3853 3875 3881
f 2266 2270 2289
f 3763 3755 3770
f 204 205 197
f 1307 1316 1367
f 3271 3301 3310
f 2303 2235 2262
f 2929 2869 2934
f 995 971 881
f 455 448 387
f 93 98 107
f 24 17 31
f 2978 2948 2939
f 3257 3224 3029
f 2354 2339 2329
f 1462 1446 1495
f 516 530 501
f 3297 3376 3420
f 3268 3249 3277
f 3615 3628 3586
f 1594 1573 1556
f 479 518 554
f 3224 3257 3393
f 2565 2567 2585
f 3405 3430 3445
f 2318 2225 2328
f 479 438 469
f 395 403 389
f 3890 3888 3877
f 1361 1359 1349
f 2519 2488 2453
f 1163 1155 1173
f 3572 3571 3568
f 642 653 641
f 592 724 595
f 657 795 678
f 1800 1894 1768
f 3115 2906 2875
f 3142 3174 3160
f 2006 2017 2050
f 3467 3482 3501
f 1148 1330 1297
f 3668 3675 3696
f 2735 2768 2738
f 845 876 803
f 3584 3588 3590
f 2708 2690 2642
f 2798 2808 2787
f 3034 2955 2972
f 2110 2096 2042
f 4058 4061 4064
f 1692 1665 1687
f 4060 4062 4057
f 1765 1758 1749
f 2706 2572 2689
f 2074 2170 2110
f 2612 2559 2636
f 1237 1260 1214
f 356 386 352
f 3098 3150 3044
f 3390 3411 3392
f 3707 3709 3663
f 1181 1414 1293
f 964 989 947
f 3656 3666 3655
f 3776 3763 3786
f 1944 1886 2053
f 1282 1309 1240
f 2176 2183 2145
f 1540 1531 1570
f 1870 1871 1885
f 4059 4060 4057
f 1085 1098 1074
f 1881 1997 1938
f 1773 1861 1800
f 3854 3865 3836
f 913 812 905
f 1265 1282 1240
f 2082 2120 2224
f 3384 3397 3422
f 1388 1324 1479
f 1016 1007 964
f 667 653 638
f 3660 3666 3690
f 3262 3261 3244
f 2837 2750 2763
f 2402 2510 2555
f 1032 987 1004
f 2368 2389 2388
f 449 405 437
f 3414 3418 3454
f 1241 1231 1310
f 432 476 414
f 3076 3105 3145
f 1491 1605 1534
f 2064 2093 2067
f 2397 2378 2394
f 3184 3186 3140
f 421 479 431
f 2300 2312 2313
f 2500 2545 2466
f 1179 1192 1224
f 2909 2823 2879
f 1284 1235 1269
f 374 392 413
f 715 665 670
f 60 70 58
f 3941 3945 3931
f 1399 1308 1430
f 2944 2994 3010
f 730 705 798
f 1358 1456 1421
f 3687 3722 3728
f 1409 1447 1425
f 2570 2560 2576
f 1494 1384 1493
f 2539 2540 2519
f 1625 1622 1623
f 166 162 170
f 1422 1370 1405
f 1416 1463 1417
f 466 367 449
f 4059 4057 4058
f 443 413 392
f 1404 1418 1466
f 1070 1091 1035
f 3678 3667 3682
f 3321 3325 3306
f 3099 3041 3129
f 1841 1985 1861
f 2571 2588 2614
f 1934 1914 1951
f 1054 1010 1081
f 3584 3572 3588
f 465 453 444
f 3664 3658 3650
f 2103 2135 2106
f 2805 2725 2777
f 930 866 874
f 3327 3306 3275
f 1065 1208 1066
f 52 56 47
f 99 100 110
f 621 611 648
f 2008 2022 1980
f 383 387 363
f 4058 4057 4061
f 717 693 704
f 3302 3333 3377
f 2311 2251 2360
f 3373 3281 3401
f 545 570 571
f 3836 3846 3854
f 3017 2974 3022
f 263 270 251
f 3880 3882 3875
f 572 594 620
f 690 699 634
f 1370 1364 1357
f 3490 3529 3493
f 2228 2220 2205
f 190 197 182
f 1182 1118 1227
f 3796 3784 3807
f 2688 2698 2607
f 2916 2821 2914
f 2165 2150 2200
f 561 627 574
f 772 723 736
f 3591 3608 3612
f 270 313 267
f 3849 3856 3841
f 1079 1075 994
f 4051 4056 4050
f 3023 2887 2980
f 3618 3604 3652
f 2480 2501 2433
f 2311 2360 2401
f 226 228 218
f 392 374 365
f 1659 1640 1743
f 668 673 652
f 3025 3080 3074
f 817 779 977
f 378 407 421
f 2817 2803 2856
f 3793 3792 3779
f 868 1096 1185
f 1025 1024 942
f 21 24 27
f 1568 1441 1539
f 2225 2318 2283
f 1713 1748 1722
f 1212 1225 1222
f 710 683 940
f 1203 1195 1125
f 938 918 975
f 3513 3429 3534
f 3197 3200 3223
f 3257 3008 3231
f 2192 2167 2216
f 4045 4051 4050
f 2785 2724 2700
f 1807 1824 1823
f 745 742 721
f 120 115 106
f 2491 2370 2551
f 2069 2070 2111
f 3947 3955 3963
f 804 839 793
f 3012 3107 3231
f 2723 2727 2741
f 2568 2617 2594
f 576 592 461
f 1127 1220 1109
f 1411 1429 1446
f 3610 3614 3573
f 2347 2333 2366
f 2258 2227 2261
f 1897 2055 1892
f 3500 3553 3528
f 330 319 327
f 1247 1224 1192
f 841 906 1128
f 1743 1793 1718
f 3579 3552 3504
f 3678 3690 3666
f 887 863 831
f 212 215 207
f 2936 2932 2966
f 1860 1882 1782
f 2340 2272 2242
f 4045 4050 4044
f 2661 2509 2698
f 3719 3722 3685
f 43 35 59
f 4044 4040 4045
f 317 320 339
f 2291 2293 2336
f 3357 3343 3328
f 887 882 860
f 2029 2051 2039
f 3548 3555 3527
f 1802 1757 1877
f 112 111 104
f 1709 1757 1721
f 2630 2638 2602
f 818 774 1009
f 2975 3017 2968
f 579 585 583
f 1542 1601 1475
f 883 807 958
f 493 516 501
f 2807 2787 2806
f 787 786 761
f 389 419 424
f 1129 1070 1133
f 3501 3506 3549
f 717 747 696
f 2622 2673 2720
f 3026 3112 3120
f 2453 2471 2406
f 60 57 72
f 4055 4054 4056
f 3934 3928 3936
f 1716 1728 1711
f 911 926 816
f 3951 3948 3937
f 1206 1168 1263
f 1034 883 958
f 933 969 875
f 1558 1661 1581
f 4056 4053 4055
f 2619 2653 2651
f 1786 1787 1780
f 54 56 52
f 2079 2104 2085
f 2239 2267 2199
f 424 423 389
f 2717 2875 2906
f 536 507 560
f 2608 2609 2639
f 1354 1474 1300
f 3910 3915 3918
f 1025 1044 1024
f 2236 2229 2203
f 2173 2111 2164
f 503 474 467
f 3465 3463 3521
f 2644 2660 2656
f 4052 4056 4054
f 914 973 891
f 92 105 97
f 1681 1670 1643
f 2397 2435 2441
f 320 312 335
f 83 86 77
f 3142 3160 3141
f 3551 3540 3580
f 826 757 728
f 3682 3692 3701
f 3187 3113 3157
f 2206 2219 2243
f 994 1075 925
f 3233 3294 3301
f 2309 2290 2258
f 2930 2885 2996
f 3293 3303 3265
f 3119 3125 3123
f 2179 2115 2223
f 3303 3285 3213
f 140 152 148
f 3589 3594 3625
f 2783 2798 2770
f 3583 3604 3618
f 1076 1047 995
f 455 491 448
f 3864 3872 3857
f 4056 4051 4053
f 468 452 494
f 2518 2562 2398
f 1105 1071 967
f 3043 3110 2942
f 1893 1878 1935
f 3316 3263 3330
f 3256 3228 3317
f 2132 2125 2162
f 927 961 936
f 668 653 667
f 710 920 677
f 2638 2666 2700
f 2967 3089 2831
f 1779 1753 1809
f 1858 1846 1875
f 1330 1333 1480
f 1548 1557 1461
f 119 135 125
f 3179 3206 3211
f 3211 3209 3183
f 1697 1667 1699
f 387 379 355
f 3036 3104 3052
f 3065 3035 3087
f 2712 2735 2754
f 67 58 70
f 2587 2473 2537
f 1442 1456 1385
f 3114 3118 3077
f 2780 2775 2755
f 2443 2458 2464
f 672 707 684
f 412 369 409
f 3925 3933 3942
f 1589 1641 1525
f 4052 4050 4056
f 2061 2074 1979
f 3398 3446 3365
f 3813 3812 3798
f 520 527 530
f 2526 2461 2504
f 1379 1337 1409
f 875 849 933
f 3561 3564 3495
f 1439 1445 1509
f 915 930 1038
f 1098 1080 1074
f 1571 1585 1620
f 1987 1955 1836
f 3511 3544 3478
f 1130 1139 1165
f 2435 2429 2458
f 3234 3133 3244
f 1224 1254 1179
f 2123 2198 2262
f 189 184 192
f 227 222 229
f 1511 1527 1498
f 3577 3513 3589
f 1607 1614 1597
f 1131 1172 1094
f 3603 3581 3591
f 902 910 870
f 1249 1262 1318
f 2842 2661 2698
f 4048 4054 4055
f 3103 3149 3132
f 3814 3834 3815
f 3923 3916 3937
f 3896 3893 3899
f 1191 1190 1222
f 1466 1418 1447
f 1020 1043 1123
f 211 206 202
f 4055 4053 4049
f 595 532 486
f 529 540 506
f 2282 2302 2263
f 3885 3884 3879
f 2725 2702 2777
f 2632 2606 2667
f 3872 3880 3868
f 224 234 253
f 719 711 729
f 27 24 25
f 3577 3589 3645
f 3173 3166 3128
f 3515 3545 3485
f 2251 2179 2297
f 12 2 11
f 1481 1487 1434
f 3520 3457 3513
f 3304 3299 3300
f 1052 1115 1102
f 986 1024 997
f 2079 2067 2093
f 3152 3135 3139
f 2665 2711 2747
f 3665 3661 3679
f 2744 2753 2775
f 3903 3898 3907
f 1383 1386 1387
f 2949 3004 2911
f 2484 2495 2499
f 1120 1153 1238
f 3490 3493 3475
f 553 558 578
f 431 390 421
f 3526 3586 3484
f 3388 3396 3567
f 2363 2358 2376
f 816 926 784
f 4054 4047 4052
f 3299 3238 3284
f 2626 2608 2639
f 1792 1823 1906
f 3496 3618 3480
f 1950 1931 1925
f 1975 2036 2155
f 1762 1738 1812
f 1276 1273 1287
f 201 205 209
f 2253 2184 2230
f 3424 3377 3433
f 2899 2881 2988
f 2792 2842 2976
f 2402 2291 2336
f 2557 2553 2521
f 1755 1754 1676
f 1503 1532 1584
f 3278 3315 3298
f 2987 2955 2977
f 1970 1933 1969
f 23 35 43
f 2215 2169 2046
f 4051 4046 4053
f 2524 2571 2567
f 1968 1964 1946
f 2854 2705 2684
f 4049 4053 4046
f 2190 2189 2156
f 3048 3032 2979
f 872 836 791
f 3465 3428 3463
f 3894 3884 3885
f 1552 1676 1578
f 2026 2061 1979
f 3331 3273 3220
f 3651 3631 3691
f 2194 2001 2024
f 1750 1760 1772
f 1636 1630 1663
f 4047 4042 4052
f 2348 2400 2317
f 3034 3039 2991
f 481 511 473
f 3646 3609 3645
f 2437 2439 2389
f 3455 3436 3466
f 253 234 285
f 206 196 202
f 3507 3433 3471
f 805 737 716
f 734 700 678
f 1124 1104 1333
f 3011 2877 3050
f 221 212 217
f 1887 1891 1833
f 3890 3893 3888
f 1406 1420 1397
f 2652 2675 2650
f 1070 1129 1091
f 1088 1161 1156
f 1298 1280 1239
f 3045 3059 3020
f 774 794 844
f 2090 2072 2125
f 138 149 135
f 882 859 860
f 3825 3826 3840
f 3525 3445 3536
f 2074 2042 1998
f 2963 2997 2954
f 1579 1474 1506
f 2277 2294 2244
f 169 160 165
f 1053 996 896
f 2197 2205 2220
f 2700 2662 2638
f 1772 1760 1784
f 4052 4043 4050
f 1498 1527 1501
f 4042 4043 4052
f 2833 2678 2841
f 3769 3775 3787
f 2785 2780 2724
f 3717 3726 3736
f 1333 1206 1384
f 2855 2798 2783
f 756 835 754
f 2346 2380 2265
f 1247 1267 1236
f 711 713 675
f 919 890 965
f 4043 4044 4050
f 2125 2154 2184
f 2628 2618 2650
f 3040 3060 3054
f 3209 3241 3216
f 865 692 603
f 2091 2207 2225
f 94 95 89
f 1405 1340 1412
f 4046 4051 4045
f 1437 1398 1368
f 2282 2217 2141
f 1228 1235 1212
f 1467 1444 1489
f 1376 1335 1336
f 1264 1246 1275
f 2793 2864 2784
f 2526 2496 2434
f 709 712 736
f 2351 2331 2267
f 1449 1514 1407
f 2340 2399 2451
f 2947 2889 2943
f 1064 1018 1067
f 164 167 155
f 2946 2959 3000
f 1494 1493 1560
f 1582 1634 1647
f 2390 2386 2433
f 3149 3168 3132
f 1927 1946 1904
f 3258 3259 3296
f 970 900 1001
f 634 699 640
f 1193 1135 1194
f 1889 1935 1878
f 2274 2253 2256
f 1628 1664 1604
f 743 692 988
f 1192 1179 1178
f 3441 3454 3467
f 2944 2938 2994
f 3143 3154 3108
f 3450 3464 3447
f 1177 1172 1236
f 2130 2119 2077
f 1742 1720 1741
f 1677 1612 1656
f 2291 2351 2267
f 2604 2515 2477
f 1166 1176 1219
f 447 432 410
f 2089 2061 2127
f 260 244 256
f 529 506 514
f 2772 2794 2779
f 567 563 613
f 2083 2085 2104
f 2880 2790 2877
f 884 834 824
f 3300 3270 3311
f 1671 1688 1664
f 1813 1743 1853
f 650 644 688
f 1350 1400 1323
f 3851 3852 3850
f 1761 1837 1811
f 1283 1264 1295
f 1100 1105 967
f 2062 2019 1903
f 307 311 325
f 2772 2795 2764
f 3603 3591 3612
f 3292 3300 3311
f 2859 3014 2892
f 2688 2735 2738
f 2936 2904 2893
f 1221 1171 988
f 4037 4044 4043
f 1177 1094 1172
f 3876 3878 3863
f 2390 2404 2386
f 2445 2502 2467
f 3286 3326 3324
f 941 1037 884
f 2923 2933 2960
f 2301 2317 2355
f 746 935 674
f 520 530 516
f 63 66 64
f 417 441 462
f 3873 3881 3889
f 3931 3936 3928
f 1331 1328 1361
f 1888 1906 2024
f 613 578 683
f 29 38 44
f 1248 1255 1472
f 654 631 628
f 596 616 610
f 1881 1822 1992
f 2107 2118 2154
f 1024 1044 997
f 907 977 1086
f 3822 3838 3824
f 3751 3767 3738
f 293 275 296
f 2051 2029 2054
f 3327 3347 3321
f 456 442 506
f 3112 3026 3146
f 1137 1132 1151
f 2079 2049 2067
f 2507 2503 2428
f 4048 4055 4049
f 3328 3256 3317
f 1340 1223 1323
f 3729 3746 3733
f 3915 3911 3917
f 1119 1092 1167
f 654 628 643
f 1368 1398 1341
f 2742 2761 2604
f 3615 3586 3563
f 2999 3072 2926
f 848 805 950
f 2299 2309 2258
f 716 701 706
f 1393 1386 1371
f 1720 1725 1741
f 2624 2693 2832
f 4048 4047 4054
f 3017 2975 2974
f 846 852 820
f 2848 2839 2785
f 2007 2011 2010
f 2849 3006 2950
f 3565 3577 3609
f 895 890 858
f 2448 2444 2422
f 2332 2353 2273
f 2985 3005 2862
f 2640 2748 2840
f 681 697 619
f 1585 1551 1591
f 731 774 733
f 1744 1815 1755
f 3826 3817 3820
f 3697 3707 3663
f 753 760 751
f 96 104 98
f 3370 3374 3429
f 1875 1838 1865
f 2430 2374 2433
f 1911 1957 1898
f 2582 2570 2599
f 993 1011 904
f 3712 3737 3749
f 901 885 918
f 984 923 1026
f 2449 2437 2474
f 2969 2986 2957
f 2536 2383 2580
f 1496 1486 1561
f 3627 3624 3602
f 74 68 81
f 145 142 158
f 3355 3368 3381
f 2524 2521 2492
f 2414 2384 2403
f 3642 3659 3643
f 1885 1891 1918
f 1921 1940 1909
f 2268 2279 2308
f 1241 1296 1187
f 1151 1130 1165
f 200 197 190
f 1460 1497 1545
f 586 583 590
f 2980 3072 3155
f 3634 3644 3625
f 1179 1254 1263
f 3371 3392 3359
f 336 342 340
f 3542 3578 3569
f 1280 1237 1234
f 2629 2615 2603
f 3366 3357 3317
f 2281 2129 2175
f 1209 1200 1201
f 526 528 541
f 283 286 280
f 3818 3821 3811
f 973 1053 908
f 181 152 185
f 2506 2528 2487
f 4038 4047 4048
f 1500 1524 1490
f 856 938 887
f 1155 1100 1145
f 2806 2800 2829
f 2417 2454 2427
f 4039 4038 4048
f 1134 1255 1093
f 3128 3140 3090
f 922 928 846
f 3821 3819 3811
f 345 324 323
f 4048 4049 4041
f 3575 3553 3500
f 1527 1511 1529
f 1095 1103 1073
f 3360 3350 3368
f 2665 2670 2711
f 228 241 223
f 2598 2595 2695
f 1663 1682 1637
f 2777 2847 2858
f 3289 3276 3269
f 3687 3685 3722
f 2203 2208 2236
f 336 340 328
f 1679 1654 1738
f 106 115 105
f 3297 3127 3226
f 3799 3796 3808
f 2221 2245 2200
f 3656 3655 3663
f 2985 3038 3005
f 1854 1868 1984
f 2976 2915 3044
f 3292 3272 3240
f 1486 1277 1374
f 2526 2547 2583
f 1078 1077 1121
f 1863 1840 1858
f 1274 1223 1340
f 557 525 550
f 1726 1806 1738
f 2622 2614 2673
f 1283 1295 1313
f 2695 2749 2894
f 3521 3518 3540
f 3068 3031 3019
f 2104 2098 2083
f 4041 4039 4048
f 3710 3708 3695
f 1448 1452 1405
f 2630 2626 2658
f 4049 4046 4041
f 504 458 418
f 1651 1601 1542
f 3421 3428 3465
f 1740 1748 1785
f 2715 2731 2649
f 1500 1462 1495
f 2938 2944 2901
f 2702 2665 2747
f 969 944 898
f 2747 2711 2755
f 1023 1106 1001
f 3708 3675 3688
f 2161 2174 2127
f 1151 1132 1130
f 2488 2481 2493
f 1512 1580 1554
f 3189 3170 3063
f 1895 1894 2037
f 243 244 260
f 3756 3757 3765
f 375 400 383
f 934 943 951
f 181 194 179
f 3550 3535 3576
f 688 713 752
f 1831 1857 1826
f 471 473 455
f 115 118 108
f 1197 1259 1203
f 3778 3774 3779
f 2338 2297 2223
f 3206 3179 3160
f 3327 3395 3347
f 3220 3095 3121
f 1537 1566 1633
f 28 25 31
f 1903 2019 1851
f 3919 3920 3914
f 2437 2475 2474
f 108 101 105
f 950 1003 848
f 2226 2192 2216
f 3438 3435 3413
f 1970 1999 2012
f 3437 3448 3512
f 2827 2896 2848
f 2750 2827 2721
f 1346 1366 1502
f 809 797 773
f 900 853 1001
f 1690 1699 1667
f 3718 3730 3694
f 4041 4046 4035
f 1524 1500 1521
f 3042 2914 3027
f 174 176 168
f 2400 2355 2317
f 1193 1272 1242
f 522 468 494
f 2542 2534 2475
f 2106 2137 2150
f 92 89 95
f 1927 1904 1883
f 2781 2807 2877
f 638 623 605
f 2259 2256 2257
f 1889 1855 1867
f 3025 3041 3058
f 3792 3780 3778
f 3243 3296 3304
f 2851 2803 2778
f 1232 1267 1301
f 497 489 515
f 3590 3581 3603
f 1311 1308 1399
f 1928 1905 1917
f 2641 2642 2593
f 2155 2195 2295
f 806 789 784
f 2210 2219 2186
f 1948 2091 1996
f 3601 3636 3585
f 910 902 1020
f 4044 4037 4040
f 1342 1399 1468
f 3125 3134 3123
f 1849 1852 1835
f 737 722 716
f 3876 3883 3878
f 3007 3013 2957
f 2431 2436 2408
f 2322 2344 2350
f 3368 3350 3358
f 4046 4045 4035
f 3896 3895 3886
f 1534 1488 1352
f 2611 2582 2599
f 2850 2826 2920
f 3279 3322 3274
f 2141 2138 2009
f 1987 1975 2155
f 2006 2005 2017
f 1466 1489 1444
f 3137 3076 3145
f 2437 2391 2475
f 1485 1461 1303
f 3432 3415 3386
f 453 364 371
f 1872 1839 1864
f 2516 2479 2527
f 2153 2202 2151
f 2559 2594 2636
f 3016 3003 3001
f 317 332 285
f 2847 2801 2880
f 2773 2796 2769
f 656 694 671
f 199 210 195
f 676 695 693
f 2765 2773 2751
f 3542 3529 3578
f 1174 1087 1107
f 3610 3612 3608
f 911 913 959
f 2016 2072 2090
f 3857 3855 3850
f 1963 2001 2128
f 3241 3245 3288
f 479 467 431
f 2387 2419 2382
f 2428 2410 2408
f 1375 1381 1380
f 527 520 510
f 4040 4035 4045
f 852 825 830
f 869 846 928
f 487 483 505
f 1433 1400 1350
f 3729 3731 3746
f 2245 2221 2248
f 87 96 88
f 482 459 456
f 1902 1879 1850
f 1879 1874 1845
f 3531 3553 3514
f 384 386 356
f 3576 3588 3572
f 2054 2035 2079
f 1509 1483 1439
f 301 276 297
f 1099 1146 1346
f 3316 3350 3339
f 96 98 88
f 4034 4043 4042
f 3256 3229 3186
f 627 634 574
f 3435 3434 3423
f 4034 4033 4043
f 809 773 766
f 3419 3399 3393
f 3803 3802 3814
f 3273 3277 3207
f 185 175 193
f 1025 942 813
f 4037 4043 4033
f 1635 1626 1593
f 3589 3513 3534
f 3192 3173 3202
f 133 132 122
f 1371 1386 1423
f 3775 3796 3790
f 1805 1765 1770
f 525 519 553
f 333 322 315
f 139 128 136
f 1373 1316 1280
f 3865 3861 3874
f 2928 2940 2888
f 2194 2024 2148
f 945 1041 978
f 2135 2137 2106
f 671 741 748
f 2265 2306 2224
f 3896 3904 3895
f 2388 2386 2366
f 3346 3224 3393
f 157 158 142
f 1516 1476 1541
f 3819 3816 3806
f 678 700 659
f 3378 3389 3398
f 3303 3315 3329
f 3503 3401 3533
f 1839 1835 1842
f 3816 3831 3814
f 2737 2752 2769
f 68 71 84
f 1384 1363 1459
f 2374 2373 2390
f 1810 1763 1819
f 1377 1274 1357
f 3884 3901 3890
f 2069 2050 2070
f 3921 3920 3933
f 602 612 598
f 497 505 483
f 2103 2106 2097
f 710 940 920
f 1016 964 981
f 1188 1169 1198
f 3323 3280 3274
f 1204 1249 1170
f 1935 1932 1893
f 2041 2038 2018
f 2375 2371 2409
f 1584 1621 1635
f 2290 2305 2292
f 1423 1402 1467
f 1387 1391 1383
f 1123 1169 1188
f 3497 3449 3440
f 2421 2550 2563
f 2431 2483 2456
f 1526 1535 1529
f 4040 4037 4035
f 1134 982 1181
f 1965 1953 1969
f 3389 3391 3398
f 1176 1159 1213
f 2704 2771 2752
f 3731 3721 3741
f 2499 2470 2529
f 271 279 249
f 2455 2500 2466
f 3755 3763 3753
f 2201 2304 2180
f 2440 2460 2484
f 1639 1731 1715
f 2824 2843 2815
f 1408 1458 1427
f 3074 3136 3190
f 1591 1593 1626
f 2687 2672 2729
f 1705 1713 1672
f 906 841 752
f 1079 1013 1088
f 3072 2999 3088
f 2856 2851 2912
f 1376 1403 1319
f 337 340 343
f 3689 3738 3693
f 496 478 459
f 3147 3164 3169
f 2184 2162 2125
f 1936 1912 1934
f 3024 2993 3046
f 3198 3157 3168
f 2062 1892 2055
f 33 32 19
f 263 260 274
f 3220 3273 3177
f 3107 3182 3231
f 228 223 219
f 3761 3766 3691
f 2850 2920 2977
f 1451 1347 1472
f 1490 1524 1518
f 3057 3066 3014
f 2721 2785 2700
f 4033 4035 4037
f 2040 2033 2101
f 1028 1011 1072
f 637 705 685
f 1819 1774 1881
f 2583 2569 2526
f 757 906 752
f 352 377 350
f 3097 3004 2949
f 2980 3122 3086
f 861 878 972
f 755 732 698
f 1237 1167 1216
f 2842 2838 2915
f 3530 3507 3471
f 1238 1153 1207
f 336 333 342
f 958 796 946
f 1062 1046 978
f 3100 3094 3132
f 1996 2091 2126
f 2075 2065 2098
f 1049 1030 1217
f 2837 2815 2843
f 1145 1150 1147
f 490 514 506
f 3014 3073 3067
f 2998 2953 3015
f 2582 2590 2564
f 1375 1338 1332
f 805 767 737
f 2836 2822 2811
f 1769 1801 1795
f 482 456 506
f 1584 1562 1592
f 954 1035 931
f 2749 2695 2595
f 1219 1239 1174
f 3281 3312 3401
f 142 141 157
f 721 719 729
f 2190 2170 2206
f 3621 3635 3615
f 1780 1760 1758
f 2148 2024 2020
f 2201 2180 2056
f 4033 4028 4035
f 2845 2778 2869
f 466 543 372
f 1986 1982 1988
f 1121 1179 1263
f 163 155 167
f 279 312 289
f 2453 2406 2376
f 2956 2989 2937
f 211 214 224
f 615 627 561
f 91 78 93
f 813 835 756
f 493 501 455
f 2894 3189 3063
f 1124 871 1104
f 4041 4035 4029
f 3679 3661 3694
f 226 218 210
f 2678 2719 2841
f 1706 1755 1676
f 44 58 62
f 1795 1801 1834
f 1193 1026 1135
f 2471 2462 2406
f 2370 2415 2551
f 3846 3861 3854
f 168 176 167
f 3255 3239 3194
f 2303 2367 2296
f 536 443 507
f 2035 2049 2079
f 3829 3842 3822
f 3067 3036 2892
f 36 22 39
f 1197 1218 1251
f 530 527 502
f 686 687 676
f 2310 2324 2294
f 1597 1616 1607
f 17 19 32
f 2170 2142 2110
f 3676 3674 3649
f 3127 3044 3150
f 3472 3443 3452
f 3203 3133 3102
f 3901 3899 3893
f 2748 2566 2707
f 180 195 190
f 3262 3239 3255
f 3887 3886 3882
f 3285 3303 3318
f 3124 3143 3108
f 5 14 16
f 2737 2688 2752
f 1210 1065 1038
f 2354 2355 2374
f 3265 3303 3213
f 3503 3533 3620
f 2759 2731 2799
f 103 106 95
f 2630 2602 2626
f 1687 1665 1674
f 2099 2038 2114
f 2743 2784 2746
f 1780 1783 1784
f 1639 1548 1662
f 1959 1970 2013
f 95 94 103
f 3522 3580 3540
f 2258 2247 2202
f 840 871 748
f 3652 3649 3674
f 2661 2842 2792
f 3225 3218 3280
f 2297 2338 2383
f 3067 3084 3106
f 2653 2675 2652
f 2069 2086 2032
f 1122 1141 1162
f 263 251 243
f 3284 3300 3299
f 1952 1951 1940
f 565 575 584
f 2349 2398 2281
f 2573 2617 2568
f 1672 1713 1681
f 3478 3468 3511
f 502 501 530
f 262 231 251
f 4042 4047 4036
f 3312 3342 3427
f 325 333 315
f 1336 1335 1314
f 2445 2439 2489
f 4038 4036 4047
f 2054 2079 2085
f 1314 1309 1282
f 3590 3603 3574
f 2686 2757 2683
f 838 864 867
f 3217 3195 3185
f 2253 2270 2241
f 2057 2112 2081
f 1064 1037 941
f 2955 2850 2977
f 502 527 500
f 1268 1235 1284
f 3182 3297 3295
f 2601 2551 2663
f 1945 1936 1962
f 3175 3243 3115
f 2494 2335 2468
f 31 25 24
f 2699 2636 2725
f 3322 3343 3323
f 3057 3010 3037
f 2286 2276 2320
f 2716 2727 2723
f 1514 1573 1541
f 318 316 337
f 2641 2708 2642
f 2522 2532 2514
f 969 957 1014
f 1837 1850 1811
f 995 1047 971
f 2857 2890 2810
f 1394 1375 1380
f 1564 1541 1583
f 960 885 952
f 1316 1307 1233
f 486 461 592
f 3266 3247 3298
f 3219 3225 3283
f 2482 2420 2497
f 889 896 867
f 3599 3602 3543
f 128 125 136
f 3092 3061 3006
f 1016 981 1032
f 15 29 35
f 2531 2483 2533
f 2584 2542 2501
f 2302 2359 2345
f 1205 1215 1307
f 977 1036 1080
f 1035 1077 999
f 2697 2685 2620
f 987 947 1004
f 2920 2853 2935
f 131 134 124
f 185 193 198
f 3509 3485 3545
f 310 300 323
f 1393 1416 1387
f 2121 2167 2177
f 451 412 470
f 3543 3537 3494
f 2121 2122 2167
f 519 513 553
f 408 439 393
f 511 491 473
f 2333 2322 2350
f 4036 4034 4042
f 1267 1232 1177
f 3301 3271 3252
f 1060 1114 1183
f 1960 1965 2014
f 2218 2221 2183
f 1594 1616 1623
f 1536 1505 1540
f 1421 1456 1508
f 3767 3788 3761
f 1752 1773 1719
f 2266 2289 2300
f 2768 2735 2751
f 3408 3399 3428
f 1194 1201 1199
f 2283 2318 2415
f 1683 1666 1695
f 1296 1358 1210
f 2800 2809 2730
f 3348 3365 3341
f 4039 4031 4038
f 400 375 385
f 1378 1277 1486
f 416 454 420
f 1644 1653 1631
f 364 361 330
f 3201 3215 3181
f 1208 1065 1210
f 2247 2257 2248
f 1270 1229 1226
f 3685 3680 3719
f 431 433 388
f 1247 1236 1224
f 1963 1853 2001
f 2177 2152 2121
f 3492 3516 3570
f 2485 2507 2446
f 2396 2409 2420
f 3122 2980 3155
f 2517 2512 2554
f 3516 3523 3547
f 2031 2080 2121
f 4041 4032 4039
f 63 55 53
f 2795 2789 2817
f 2677 2657 2726
f 876 901 918
f 397 393 425
f 835 942 922
f 1342 1311 1399
f 252 254 289
f 2052 2011 2025
f 745 729 796
f 993 904 915
f 3897 3907 3898
f 3254 3265 3213
f 979 991 1092
f 2490 2478 2524
f 3583 3496 3537
f 4030 4036 4038
f 2619 2641 2586
f 2990 3026 3116
f 1763 1810 1723
f 3017 3102 2968
f 1712 1629 1627
f 4031 4030 4038
f 3469 3443 3472
f 3078 3081 3066
f 1491 1352 1326
f 3647 3650 3634
f 1982 1973 1988
f 1973 1982 1962
f 676 691 695
f 643 625 655
f 2124 2123 2235
f 417 426 395
f 1032 1082 1016
f 2761 2831 2627
f 2784 2864 2874
f 180 171 151
f 695 691 723
f 652 616 641
f 2620 2584 2528
f 3228 3192 3248
f 572 554 536
f 909 895 859
f 373 376 385
f 557 549 525
f 1241 1187 1144
f 726 713 711
f 2997 2973 2958
f 147 143 153
f 2487 2501 2480
f 3194 3222 3255
f 3142 3141 3109
f 2453 2407 2424
f 1478 1445 1413
f 1466 1487 1515
f 2216 2217 2263
f 996 1100 967
f 4030 4034 4036
f 3937 3932 3923
f 3012 2976 3107
f 321 305 318
f 1082 1140 1205
f 1517 1519 1522
f 1797 1771 1730
f 3155 3072 3208
f 2489 2483 2531
f 3764 3765 3757
f 2371 2375 2356
f 2569 2583 2623
f 498 508 488
f 262 267 313
f 3358 3350 3330
f 547 574 552
f 3240 3242 3111
f 1772 1775 1750
f 500 451 502
f 1988 1952 1983
f 1820 1821 1794
f 1166 1219 1108
f 1357 1364 1389
f 3805 3814 3802
f 354 435 347
f 2498 2514 2458
f 2541 2544 2678
f 4032 4031 4039
f 1139 1132 1160
f 2828 2895 2799
f 3604 3543 3602
f 3689 3702 3724
f 2924 2909 2981
f 2271 2268 2314
f 990 1076 995
f 650 681 619
f 1378 1496 1429
f 1641 1619 1525
f 963 985 943
f 794 899 844
f 3833 3815 3834
f 3311 3340 3272
f 1638 1672 1624
f 2109 2095 2060
f 3841 3837 3849
f 1362 1334 1411
f 940 868 1185
f 3227 3245 3241
f 388 433 440
f 2852 2891 2863
f 3943 3942 3933
f 278 256 287
f 566 581 615
f 2992 2986 3019
f 3835 3831 3843
f 1114 1113 1223
f 1248 1247 1192
f 2937 2931 2956
f 196 185 202
f 3429 3478 3534
f 2888 2870 2928
f 3008 2776 3012
f 2643 2634 2683
f 2267 2239 2291
f 1405 1412 1450
f 2807 2830 2887
f 3526 3484 3427
f 3307 3334 3376
f 2194 2267 2331
f 3733 3739 3743
f 1425 1445 1439
f 2981 3090 3015
f 3393 3257 3412
f 1427 1430 1339
f 1448 1450 1465
f 126 130 123
f 3618 3652 3704
f 1963 2053 1886
f 2697 2669 2722
f 1757 1836 1877
f 1838 1846 1826
f 3043 2873 3095
f 453 461 364
f 1003 1044 1063
f 3618 3704 3684
f 3690 3716 3660
f 3161 3147 3169
f 1279 1262 1204
f 795 949 810
f 244 229 256
f 2186 2219 2170
f 3943 3932 3940
f 366 365 374
f 1512 1478 1463
f 2576 2599 2570
f 921 955 924
f 2763 2750 2646
f 2976 3182 3107
f 1603 1546 1561
f 2176 2113 2151
f 1014 1087 969
f 2060 2043 2000
f 731 732 749
f 1041 1109 1062
f 605 616 596
f 2767 2685 2697
f 2008 2009 2076
f 3390 3399 3408
f 3229 3230 3198
f 1478 1512 1554
f 2923 2999 2926
f 3347 3341 3321
f 608 589 613
f 165 161 169
f 210 199 215
f 1959 1887 1970
f 2396 2410 2424
f 1920 1921 1909
f 2834 2784 2874
f 3329 3315 3339
f 2873 3043 2854
f 1809 1897 1892
f 3750 3756 3754
f 4032 4041 4029
f 2069 2116 2086
f 1009 1153 1120
f 2336 2381 2402
f 986 922 942
f 1162 1214 1127
f 77 72 83
f 3359 3392 3342
f 3114 3077 3062
f 1474 1428 1300
f 3084 3070 3086
f 2975 3000 2974
f 3702 3659 3672
f 408 393 370
f 1375 1332 1381
f 704 693 706
f 3579 3504 3546
f 3846 3845 3861
f 2647 2696 2552
f 593 574 634
f 3937 3938 3951
f 97 101 96
f 2941 2982 2931
f 1596 1569 1563
f 2218 2183 2176
f 73 69 74
f 1463 1478 1417
f 2745 2793 2708
f 9 4 20
f 2826 2853 2920
f 1053 1126 1100
f 1727 1747 1745
f 724 795 657
f 1630 1649 1667
f 2465 2458 2443
f 879 869 937
f 2292 2274 2290
f 2576 2560 2565
f 2043 2072 2015
f 1786 1805 1787
f 1516 1510 1476
f 2610 2602 2638
f 120 122 132
f 1499 1502 1575
f 3908 3912 3901
f 1975 1806 1869
f 1545 1565 1627
f 1894 1800 1899
f 2961 3014 2859
f 2948 2938 2901
f 344 338 343
f 360 357 359
f 2386 2369 2347
f 3139 3135 3112
f 1002 1054 1073
f 3700 3697 3662
f 3813 3828 3812
f 1020 917 1043
f 1223 1113 1242
f 1654 1648 1726
f 1002 926 911
f 3058 3080 3025
f 3201 3146 3170
f 4029 4035 4028
f 911 802 913
f 3149 3004 3171
f 1022 1057 1031
f 1869 1777 1791
f 697 614 597
f 3108 3154 3101
f 2893 2847 2880
f 3796 3807 3827
f 1870 1843 1871
f 633 594 571
f 1117 1086 1080
f 4033 4034 4026
f 1458 1501 1471
f 664 633 685
f 860 893 863
f 551 555 559
f 2380 2348 2306
f 1215 1140 1097
f 2260 2188 2224
f 2982 3048 2979
f 283 280 305
f 2049 2011 2052
f 1395 1401 1391
f 23 8 35
f 142 143 141
f 3288 3291 3335
f 474 440 433
f 2682 2654 2625
f 1672 1638 1705
f 1784 1783 1789
f 2734 2710 2654
f 2280 2246 2285
f 2039 2065 2052
f 2527 2532 2522
f 2009 2021 2141
f 2198 2321 2262
f 582 573 617
f 939 826 888
f 876 856 803
f 1342 1381 1332
f 2242 2272 2140
f 2923 2960 2999
f 795 974 949
f 1654 1574 1648
f 242 235 232
f 1686 1627 1615
f 1156 1231 1241
f 1340 1323 1400
f 2619 2586 2577
f 2948 2978 2966
f 2609 2615 2665
f 1971 1981 1967
f 589 567 613
f 1162 1141 1175
f 3386 3385 3432
f 3252 3267 3245
f 402 413 429
f 771 761 763
f 2486 2555 2589
f 4028 4033 4026
f 3765 3764 3778
f 2941 2946 2975
f 507 474 539
f 2382 2378 2397
f 1057 1060 1055
f 2815 2837 2763
f 1292 1265 1261
f 223 241 234
f 458 484 439
f 1756 1776 1733
f 2507 2428 2446
f 1118 1081 1191
f 2386 2404 2369
f 3721 3730 3741
f 4028 4026 4020
f 368 357 412
f 1548 1578 1662
f 4030 4024 4034
f 3781 3782 3773
f 3639 3693 3620
f 2565 2557 2548
f 3074 3088 2989
f 3018 2919 2990
f 2309 2299 2329
f 2629 2610 2670
f 804 786 827
f 2081 2050 2057
f 2019 2123 1941
f 863 893 886
f 1124 1333 1330
f 2276 2286 2237
f 2457 2478 2490
f 232 233 230
f 3528 3523 3476
f 3588 3576 3581
f 903 818 1000
f 1102 1115 1176
f 2640 2633 2508
f 1551 1550 1515
f 2364 2303 2262
f 2243 2301 2277
f 3165 3146 3201
f 1547 1472 1440
f 4025 4032 4029
f 2160 2171 2166
f 1565 1497 1538
f 3333 3324 3367
f 1468 1399 1505
f 789 776 784
f 1976 1966 1950
f 1849 1839 1872
f 3407 3459 3427
f 2558 2591 2596
f 1209 1186 1211
f 2179 2251 2068
f 2866 2835 2796
f 1075 1187 1056
f 513 441 477
f 1068 1104 983
f 2229 2246 2250
f 2715 2799 2731
f 1965 1896 1910
f 3749 3737 3758
f 2902 2898 2929
f 2725 2668 2702
f 458 439 408
f 3498 3543 3494
f 78 77 86
f 3034 2972 2996
f 3838 3837 3824
f 2449 2485 2456
f 1699 1690 1717
f 3483 3541 3560
f 33 41 32
f 649 610 652
f 2901 2944 2855
f 2965 2927 2910
f 532 435 486
f 331 285 332
f 2316 2342 2320
f 2419 2417 2379
f 2918 2955 2991
f 2207 2328 2225
f 3679 3694 3711
f 153 160 147
f 1498 1469 1511
f 1133 1070 1093
f 2743 2746 2713
f 3879 3884 3867
f 1937 2047 1868
f 3941 3957 3945
f 2143 2186 2139
f 362 355 370
f 1598 1590 1555
f 2620 2685 2584
f 2950 3002 2881
f 3012 2792 2976
f 2520 2348 2380
f 1347 1267 1247
f 3766 3742 3691
f 3005 3038 3055
f 1771 1761 1703
f 2138 2122 2076
f 3292 3311 3272
f 4024 4026 4034
f 296 309 316
f 3509 3545 3598
f 640 629 593
f 1443 1503 1481
f 1900 1924 1980
f 1663 1667 1697
f 4021 4029 4028
f 1145 1173 1155
f 3786 3785 3803
f 570 569 591
f 1162 1175 1214
f 2384 2394 2378
f 2767 2692 2685
f 2287 2201 2169
f 3220 3281 3373
f 4025 4029 4021
f 3468 3422 3424
f 50 28 31
f 3508 3569 3554
f 3874 3869 3871
f 411 389 423
f 3198 3218 3187
f 2185 2181 2182
f 1430 1505 1399
f 1938 1997 2100
f 2623 2613 2569
f 122 129 133
f 334 329 344
f 2154 2165 2230
f 1001 916 1023
f 4019 4024 4030
f 3083 3076 3028
f 839 804 873
f 3375 3377 3333
f 1597 1614 1592
f 2677 2732 2613
f 2724 2711 2670
f 1820 1848 1876
f 2173 2164 2181
f 2664 2680 2709
f 1076 1112 1047
f 2480 2433 2467
f 1126 1053 1164
f 2159 2155 2264
f 1452 1448 1465
f 126 123 117
f 26 30 14
f 3900 3894 3902
f 1144 1079 1156
f 412 468 460
f 1563 1567 1596
f 2942 3062 2917
f 1809 1829 1897
f 44 45 29
f 4021 4028 4020
f 1509 1544 1483
f 751 760 788
f 991 955 1060
f 1154 1257 1096
f 3514 3562 3466
f 1148 1297 1021
f 525 549 475
f 1062 1097 1048
f 2595 2678 2749
f 2 12 4
f 3362 3446 3385
f 273 283 291
f 2970 2962 2935
f 3286 3308 3326
f 1558 1470 1428
f 1577 1659 1669
f 2678 2833 2749
f 1613 1606 1588
f 176 184 172
f 3580 3522 3582
f 3198 3187 3157
f 2378 2382 2379
f 2773 2765 2818
f 3543 3539 3599
f 1359 1329 1349
f 342 343 340
f 3451 3432 3385
f 2981 2909 2995
f 2550 2421 2367
f 2804 2738 2850
f 3372 3404 3409
f 3384 3363 3357
f 3535 3430 3512
f 345 326 358
f 2649 2600 2545
f 1624 1643 1580
f 2618 2628 2576
f 3346 3264 3199
f 3223 3212 3197
f 1292 1261 1315
f 2001 1888 2024
f 913 1010 1054
f 1457 1464 1437
f 3751 3748 3769
f 1638 1703 1705
f 1976 1977 1966
f 1218 1244 1251
f 2278 2302 2316
f 2307 2412 2328
f 2042 2096 2041
f 2625 2561 2520
f 408 370 418
f 2509 2411 2546
f 1544 1559 1530
f 143 147 141
f 1204 1195 1256
f 644 635 665
f 3050 3023 3081
f 3472 3485 3509
f 2609 2603 2615
f 2969 2993 3024
f 832 783 759
f 2083 2063 2085
f 2954 2903 2878
f 328 322 336
f 2824 2813 2814
f 2756 2720 2784
f 3797 3766 3761
f 595 580 532
f 3530 3520 3565
f 760 753 762
f 3512 3566 3591
f 2544 2536 2678
f 896 877 838
f 3913 3914 3920
f 1558 1581 1470
f 1233 1307 1215
f 1196 1199 1138
f 3902 3908 3900
f 1785 1803 1770
f 1199 1201 1138
f 3185 3212 3217
f 2173 2185 2157
f 490 499 514
f 2464 2429 2444
f 391 414 376
f 941 970 1018
f 3945 3949 3944
f 2154 2118 2165
f 329 338 344
f 738 826 728
f 3884 3890 3870
f 3388 3257 3231
f 2489 2531 2559
f 2310 2277 2301
f 269 250 308
f 1955 1987 2059
f 4024 4020 4026
f 3822 3797 3829
f 657 626 580
f 2988 3051 2899
f 2776 2719 2580
f 3304 3296 3299
f 3892 3891 3898
f 1678 1657 1675
f 2406 2393 2363
f 2119 2033 2077
f 1396 1379 1439
f 75 79 71
f 3351 3372 3334
f 1669 1718 1746
f 467 479 523
f 3021 3061 3047
f 3809 3808 3820
f 1853 1781 1888
f 1490 1462 1500
f 2639 2658 2626
f 484 494 457
f 3703 3679 3711
f 1239 1219 1246
f 1993 1983 1971
f 1785 1778 1814
f 2563 2742 2604
f 2235 2123 2262
f 2337 2362 2371
f 1007 1019 984
f 1127 1122 1162
f 2840 3009 2983
f 395 398 417
f 2975 2968 2941
f 1148 1124 1330
f 3689 3654 3669
f 1986 1993 1971
f 1270 1205 1304
f 2358 2363 2326
f 1962 1982 1974
f 3545 3555 3593
f 3189 3264 3270
f 520 472 476
f 665 635 670
f 3250 3206 3160
f 4019 4020 4024
f 1660 1631 1653
f 2011 1993 2010
f 2354 2344 2339
f 1344 1441 1492
f 3264 3189 3093
f 1639 1662 1731
f 3301 3355 3381
f 2774 2756 2829
f 1638 1624 1549
f 1547 1602 1472
f 1335 1315 1372
f 2356 2358 2314
f 1170 1218 1157
f 219 223 213
f 3820 3808 3823
f 2283 2415 2370
f 1313 1295 1332
f 3788 3800 3797
f 3313 3334 3290
f 3927 3934 3935
f 1813 1853 1963
f 412 451 404
f 3476 3516 3474
f 4025 4021 4016
f 2244 2252 2233
f 2141 2021 2163
f 2026 1979 1919
f 2111 2173 2116
f 3398 3391 3403
f 2358 2356 2375
f 1719 1729 1673
f 4019 4017 4020
f 2440 2385 2423
f 584 597 614
f 1172 1178 1182
f 1585 1591 1620
f 418 448 504
f 2939 2948 2896
f 1640 1659 1560
f 2610 2638 2662
f 503 467 523
f 2454 2464 2448
f 3199 2964 3224
f 3511 3564 3544
f 831 780 803
f 4021 4020 4017
f 4017 4016 4021
f 2519 2503 2539
f 1564 1587 1570
f 3745 3732 3706
f 2261 2241 2266
f 1572 1577 1669
f 3129 3142 3099
f 686 712 687
f 1092 1183 1216
f 1580 1512 1549
f 2309 2339 2315
f 1978 1932 1964
f 720 708 744
f 2795 2810 2764
f 4030 4031 4027
f 1926 1928 1917
f 2928 2945 2940
f 2261 2266 2300
f 3888 3896 3887
f 1885 1918 1874
f 543 606 512
f 559 575 565
f 1947 1958 1977
f 1164 1150 1126
f 1446 1429 1495
f 845 790 837
f 3487 3539 3479
f 3368 3382 3381
f 8 6 3
f 207 203 208
f 2272 2198 2140
f 1306 1455 1343
f 3305 3289 3309
f 3910 3911 3915
f 1792 1733 1776
f 1026 1020 1135
f 3330 3288 3358
f 378 366 374
f 3518 3522 3540
f 887 860 863
f 3436 3447 3443
f 2142 2168 2144
f 4022 4030 4027
f 2153 2151 2109
f 3392 3421 3407
f 3501 3477 3506
f 1776 1790 1807
f 1296 1241 1310
f 673 679 669
f 3192 3202 3232
f 2535 2545 2500
f 1432 1460 1365
f 4031 4023 4027
f 1948 1860 1818
f 118 126 117
f 634 640 593
f 3172 3195 3214
f 1021 746 764
f 517 482 521
f 3433 3375 3367
f 2751 2773 2768
f 460 470 412
f 2314 2268 2308
f 4032 4023 4031
f 1797 1868 1771
f 3455 3510 3456
f 617 671 689
f 2441 2435 2470
f 866 880 842
f 2579 2612 2535
f 2995 3030 3113
f 1917 1915 1947
f 3785 3777 3791
f 230 233 238
f 2729 2765 2735
f 293 305 280
f 2694 2722 2669
f 642 641 623
f 3369 3378 3348
f 1235 1268 1225
f 3465 3459 3421
f 3499 3438 3483
f 2900 2907 2867
f 2688 2738 2698
f 91 93 100
f 806 881 789
f 1322 1284 1269
f 354 347 313
f 645 655 625
f 1323 1272 1350
f 3064 3094 3042
f 3820 3823 3839
f 3539 3487 3556
f 2202 2218 2176
f 311 305 321
f 2362 2334 2363
f 986 997 928
f 3391 3389 3394
f 2658 2666 2630
f 1702 1744 1651
f 1009 899 1028
f 2423 2397 2441
f 145 161 154
f 3769 3748 3775
f 3153 3160 3179
f 2994 2938 2922
f 3536 3550 3559
f 4027 4018 4022
f 2119 2158 2101
f 3853 3849 3848
f 2220 2228 2271
f 1191 1227 1118
f 427 445 477
f 2954 2984 2943
f 467 474 433
f 4023 4018 4027
f 2536 2401 2360
f 122 120 114
f 1229 1272 1193
f 2345 2352 2316
f 3667 3663 3692
f 728 757 726
f 850 689 748
f 1939 1978 1953
f 3204 3208 3237
f 4023 4032 4025
f 1165 1139 1160
f 2545 2510 2466
f 2118 2150 2165
f 798 903 892
f 2602 2603 2608
f 3344 3314 3380
f 1033 1015 1012
f 1527 1519 1501
f 988 1084 743
f 438 479 421
f 3097 3015 3090
f 2954 2943 2903
f 273 275 268
f 572 560 594
f 1407 1298 1321
f 920 1146 1099
f 1173 1147 1116
f 3354 3348 3341
f 1703 1761 1705
f 3194 3088 3222
f 3657 3695 3664
f 1905 1928 1925
f 3732 3758 3737
f 2892 2908 2860
f 383 360 375
f 3565 3601 3530
f 2881 2899 2748
f 1942 2028 2091
f 740 750 759
f 2613 2732 2587
f 1042 1072 1027
f 1607 1594 1606
f 390 366 378
f 2810 2820 2710
f 4023 4025 4015
f 2149 2131 2199
f 1583 1610 1587
f 1911 1898 1857
f 1908 1985 1841
f 3332 3349 3309
f 1889 1930 1935
f 4022 4019 4030
f 1317 1181 1084
f 1410 1381 1424
f 495 529 509
f 1931 1966 1929
f 1733 1712 1686
f 1854 1837 1761
f 4013 4022 4018
f 1592 1576 1597
f 1270 1350 1272
f 2416 2432 2371
f 1280 1234 1239
f 363 360 383
f 2580 2513 2621
f 4018 4023 4014
f 2204 2203 2229
f 3820 3817 3809
f 2995 2916 3030
f 893 919 936
f 454 435 532
f 2548 2557 2521
f 3081 3070 3073
f 1779 1815 1744
f 934 951 894
f 1996 2126 2021
f 3624 3652 3604
f 2244 2293 2252
f 582 617 689
f 2166 2182 2181
f 2868 2827 2750
f 3033 3019 2986
f 726 752 713
f 1523 1537 1633
f 4019 4022 4013
f 2556 2620 2528
f 428 372 512
f 2668 2636 2594
f 3120 3112 3135
f 1385 1358 1296
f 2824 2788 2805
f 2045 2027 2090
f 3046 3068 3033
f 1881 1938 1819
f 1504 1451 1472
f 3716 3720 3736
f 1448 1405 1450
f 2528 2501 2487
f 1623 1616 1625
f 852 782 820
f 2341 2450 2323
f 912 876 845
f 2574 2684 2518
f 1415 1411 1462
f 29 18 20
f 2266 2241 2270
f 2254 2232 2128
f 614 822 663
f 3186 3229 3171
f 663 568 564
f 2413 2473 2357
f 1652 1709 1721
f 1712 1792 1781
f 1388 1217 1142
f 1121 1090 1118
f 2644 2637 2660
f 3362 3365 3446
f 1404 1401 1418
f 1164 1189 1150
f 309 299 315
f 773 794 749
f 840 741 855
f 1904 1867 1866
f 1435 1217 1388
f 2109 2113 2097
f 3591 3566 3608
f 2879 2821 2916
f 118 112 108
f 2121 2080 2122
f 3109 3141 3156
f 2082 2133 2026
f 1940 1921 1954
f 1956 1998 2042
f 1325 1294 1290
f 644 609 635
f 3 2 1
f 1530 1556 1514
f 1910 1875 1939
f 1379 1396 1318
f 2510 2402 2381
f 2900 2927 2907
f 4015 4025 4016
f 3517 3412 3388
f 163 167 172
f 1677 1707 1720
f 2106 2118 2102
f 2816 2897 2732
f 3222 3247 3253
f 1720 1707 1725
f 1189 1147 1150
f 2193 2184 2241
f 1037 1089 1039
f 1398 1350 1341
f 3404 3372 3361
f 3706 3653 3651
f 2732 2849 2703
f 1005 982 724
f 2137 2135 2147
f 2068 2036 1869
f 2470 2514 2529
f 2016 2015 2072
f 791 883 872
f 3746 3747 3739
f 1091 1077 1035
f 192 187 191
f 796 729 769
f 626 659 599
f 53 55 37
f 4017 4012 4016
f 2684 2705 2518
f 900 941 857
f 810 808 801
f 2561 2463 2520
f 855 839 962
f 465 444 445
f 709 687 712
f 3441 3467 3395
f 3411 3390 3408
f 2245 2257 2256
f 1108 1102 1166
f 1400 1412 1340
f 1348 1389 1364
f 1864 1878 1890
f 3106 3086 3122
f 516 493 472
f 1675 1683 1678
f 1658 1572 1669
f 2930 2951 2884
f 3846 3833 3845
f 4017 4019 4011
f 3365 3348 3378
f 1787 1794 1783
f 3163 3139 3165
f 1983 1977 1981
f 1350 1270 1341
f 1736 1690 1649
f 1545 1629 1543
f 1713 1722 1681
f 210 215 226
f 1533 1522 1520
f 1946 1964 1935
f 1225 1253 1222
f 46 40 26
f 3097 3090 3140
f 457 494 452
f 3092 3132 3094
f 3073 3084 3067
f 2021 1882 1996
f 3693 3691 3620
f 2974 2960 2933
f 3373 3453 3444
f 3388 3231 3396
f 107 104 111
f 3831 3835 3814
f 151 144 134
f 1602 1703 1638
f 3131 3106 3122
f 884 845 834
f 1219 1250 1275
f 2541 2595 2418
f 4013 4011 4019
f 3823 3827 3844
f 1339 1408 1427
f 2338 2513 2383
f 3611 3601 3565
f 2754 2735 2737
f 3008 2719 2776
f 146 136 135
f 841 697 681
f 2982 2979 2931
f 3372 3376 3334
f 1362 1355 1310
f 3304 3292 3240
f 523 535 503
f 164 168 158
f 3275 3267 3271
f 2891 2890 2940
f 3950 3948 3959
f 3796 3772 3784
f 1818 1860 1751
f 3276 3287 3313
f 3484 3533 3401
f 4012 4010 4016
f 3110 3177 3207
f 488 489 483
f 2047 1937 2129
f 1583 1587 1564
f 3172 3125 3195
f 3907 3904 3916
f 2895 2889 2947
f 2492 2459 2490
f 2440 2479 2419
f 2583 2657 2623
f 2635 2567 2571
f 1408 1339 1377
f 3729 3733 3705
f 3491 3489 3470
f 1960 1927 1896
f 962 873 999
f 2903 2889 2844
f 4012 4017 4011
f 3366 3397 3357
f 731 749 774
f 79 85 89
f 2285 2319 2280
f 1685 1723 1642
f 1711 1725 1707
f 2100 2215 2046
f 746 1021 935
f 3104 3106 3131
f 3936 3947 3934
f 2320 2342 2361
f 1695 1700 1704
f 2080 2078 2122
f 2 3 6
f 2109 2151 2113
f 102 103 94
f 722 770 714
f 2894 2740 2695
f 1007 1016 1019
f 3787 3775 3790
f 4015 4016 4010
f 3378 3369 3400
f 2493 2481 2472
f 3743 3728 3740
f 376 373 382
f 3677 3699 3657
f 833 814 785
f 759 750 848
f 2353 2477 2515
f 2203 2197 2208
f 4011 4009 4012
f 2430 2501 2475
f 1887 1933 1970
f 2587 2578 2399
f 3191 3178 3204
f 3698 3701 3714
f 602 601 628
f 2500 2455 2480
f 3277 3249 3207
f 1239 1246 1266
f 2422 2405 2427
f 535 545 503
f 1378 1207 1277
f 703 712 686
f 503 539 474
f 3727 3734 3719
f 1232 1252 1228
f 2828 2799 2786
f 3103 3004 3149
f 939 1017 1083
f 3162 3176 3197
f 2837 2868 2750
f 3960 3959 3948
f 2462 2476 2438
f 2946 2937 2959
f 2043 2060 2095
f 2152 2055 2034
f 2737 2735 2688
f 3703 3713 3683
f 3270 3300 3284
f 3635 3617 3643
f 3003 3016 2977
f 4007 4015 4010
f 941 900 970
f 1006 1122 1127
f 2696 2831 2886
f 1301 1267 1347
f 2590 2619 2577
f 2706 2914 2821
f 1668 1768 1684
f 2691 2745 2641
f 3725 3707 3697
f 2972 2955 2987
f 738 742 781
f 1907 1929 1915
f 2513 2580 2383
f 2816 2797 2865
f 80 88 83
f 1426 1473 1403
f 2666 2659 2617
f 1426 1484 1473
f 786 787 823
f 2011 2007 1993
f 1553 1549 1484
f 1894 2056 2037
f 655 654 643
f 2823 2739 2821
f 1413 1401 1395
f 2857 2921 2890
f 271 226 237
f 1141 1115 1175
f 2157 2171 2130
f 3931 3929 3939
f 2178 2191 2174
f 388 440 396
f 1569 1651 1542
f 1727 1699 1717
f 2625 2728 2682
f 951 888 894
f 2606 2596 2646
f 992 985 998
f 2994 3011 3049
f 3814 3815 3803
f 3675 3645 3688
f 1818 1802 1942
f 2902 2954 2878
f 2244 2190 2238
f 3008 3029 2841
f 3022 3102 3017
f 3427 3484 3312
f 2915 2918 3044
f 632 647 639
f 3891 3892 3885
f 3429 3344 3426
f 1314 1282 1265
f 3528 3476 3500
f 638 621 651
f 1131 1103 1129
f 2949 2883 2924
f 2755 2724 2780
f 3657 3664 3650
f 2091 2028 2207
f 2124 2100 1997
f 2870 2856 2912
f 2513 2338 2509
f 2597 2575 2494
f 3862 3879 3867
f 2844 2766 2878
f 3059 3055 3038
f 1795 1829 1809
f 4010 4012 4009
f 543 466 544
f 2053 2128 2232
f 944 924 953
f 3585 3594 3561
f 2793 2784 2743
f 926 990 862
f 2275 2281 2175
f 3580 3617 3621
f 1686 1615 1689
f 186 180 150
f 2738 2768 2850
f 1054 1081 1118
f 941 1018 1064
f 3662 3663 3655
f 1088 1156 1079
f 1112 1076 1184
f 1976 1981 1977
f 2639 2609 2665
f 3610 3608 3614
f 3918 3922 3938
f 2754 2796 2712
f 2717 2906 2742
f 1945 1954 1920
f 3824 3828 3813
f 1776 1807 1823
f 2269 2216 2278
f 1905 1915 1917
f 1431 1483 1482
f 341 344 342
f 1115 1045 1119
f 1697 1682 1663
f 1075 1079 1144
f 4009 4007 4010
f 2416 2476 2472
f 670 769 715
f 2157 2185 2171
f 2494 2468 2597
f 3081 3073 3066
f 351 349 335
f 3352 3355 3294
f 2775 2855 2744
f 2671 2645 2635
f 137 139 152
f 553 563 550
f 2885 2884 2802
f 271 237 262
f 2382 2419 2379
f 463 464 525
f 3716 3736 3725
f 1791 1746 1847
f 3440 3404 3361
f 2543 2380 2346
f 602 598 601
f 2291 2252 2293
f 3482 3477 3501
f 1765 1780 1758
f 1663 1630 1667
f 2312 2292 2322
f 3603 3612 3610
f 2024 1906 2020
f 3551 3563 3524
f 81 87 80
f 1830 1816 1862
f 4014 4023 4015
f 2696 2886 2873
f 3563 3586 3526
f 1870 1919 1979
f 3645 3644 3658
f 2924 2981 2953
f 1038 993 915
f 3848 3849 3837
f 2816 2865 2911
f 1753 1766 1809
f 139 136 146
f 2982 3102 3048
f 2790 2781 2877
f 3753 3764 3757
f 3714 3720 3690
f 1669 1659 1718
f 2590 2656 2619
f 3774 3764 3776
f 2290 2315 2305
f 2554 2588 2571
f 177 183 187
f 3215 3259 3258
f 1156 1241 1144
f 3183 3216 3193
f 629 661 630
f 2813 2822 2814
f 3325 3362 3335
f 1884 2068 1869
f 3471 3457 3520
f 3188 3197 3176
f 2353 2377 2287
f 2161 2178 2174
f 3535 3445 3430
f 524 538 478
f 2515 2552 2377
f 962 999 1078
f 1726 1777 1806
f 3694 3673 3718
f 1358 1421 1210
f 4015 4003 4014
f 3001 2972 2987
f 906 826 1083
f 146 149 175
f 2880 2922 2932
f 2766 2820 2878
f 3000 2959 3088
f 2588 2592 2616
f 3833 3834 3845
f 1741 1749 1760
f 2661 2513 2509
f 606 558 512
f 1318 1396 1291
f 592 777 724
f 1284 1320 1286
f 2059 2071 1955
f 1612 1538 1571
f 1421 1208 1210
f 1897 1901 1961
f 3115 3101 3175
f 319 301 297
f 3199 3224 3346
f 1400 1433 1454
f 3262 3255 3261
f 733 774 818
f 3353 3320 3364
f 1262 1279 1318
f 2210 2255 2219
f 1873 1882 2021
f 730 798 799
f 1587 1611 1570
f 1422 1405 1452
f 953 979 1045
f 851 809 766
f 1240 1261 1265
f 4014 4008 4018
f 1303 1128 1083
f 917 864 907
f 3032 3048 3075
f 2057 2040 2112
f 3114 3158 3118
f 1072 1277 1207
f 1044 950 997
f 284 299 296
f 3131 3159 3104
f 3341 3347 3354
f 1666 1650 1626
f 472 493 436
f 3092 3094 3061
f 566 554 581
f 1171 1326 1352
f 2562 2543 2398
f 1960 2000 1968
f 644 650 609
f 808 763 793
f 3075 3041 3032
f 210 209 204
f 1479 1566 1537
f 845 884 912
f 588 591 637
f 1968 2000 1964
f 2840 2758 2640
f 1266 1264 1278
f 1323 1242 1272
f 2123 1992 1941
f 2849 2897 3006
f 760 792 788
f 944 1006 921
f 2055 2212 2062
f 1768 1668 1729
f 1510 1516 1520
f 3286 3302 3248
f 36 39 60
f 3420 3494 3461
f 3943 3950 3954
f 1236 1267 1177
f 887 927 882
f 3661 3673 3694
f 1481 1410 1443
f 1971 1983 1981
f 3932 3937 3940
f 4003 4008 4014
f 3588 3581 3590
f 2503 2507 2539
f 2776 2792 3012
f 1225 1268 1253
f 609 607 635
f 3400 3410 3394
f 3220 3177 3043
f 1986 1988 1991
f 672 680 698
f 543 544 582
f 969 898 875
f 3010 2994 3037
f 2141 2217 2138
f 4005 4011 4013
f 3269 3290 3268
f 663 865 603
f 409 397 452
f 773 797 794
f 1700 1695 1692
f 880 899 842
f 2741 2753 2723
f 1899 1861 2030
f 2400 2426 2355
f 1110 1064 1170
f 697 822 614
f 372 326 308
f 1875 1896 1863
f 37 21 27
f 1739 1797 1730
f 4018 4006 4013
f 4008 4006 4018
f 1925 1907 1905
f 312 320 289
f 330 346 364
f 3463 3393 3522
f 2526 2504 2547
f 2554 2571 2517
f 3813 3822 3824
f 2905 2923 2864
f 3451 3446 3477
f 1188 1186 1135
f 2369 2381 2336
f 2861 2825 2917
f 1166 1102 1176
f 2742 2967 2761
f 855 819 839
f 1655 1664 1691
f 2314 2326 2288
f 1127 1109 1041
f 4003 4015 4007
f 1798 1784 1808
f 2153 2211 2202
f 3680 3671 3665
f 1739 1768 1799
f 3154 3175 3101
f 2699 2788 2786
f 1414 1181 1317
f 2961 3057 3014
f 387 383 436
f 281 273 291
f 3439 3483 3410
f 1540 1505 1531
f 3337 3363 3380
f 2669 2697 2620
f 2647 2627 2831
f 46 54 40
f 3788 3797 3761
f 820 770 846
f 1634 1646 1708
f 2459 2460 2442
f 3353 3364 3371
f 384 420 386
f 1434 1410 1481
f 2295 2195 2311
f 1548 1639 1557
f 1631 1628 1590
f 901 956 885
f 1312 1288 1345
f 2078 2076 2122
f 3659 3642 3672
f 600 601 598
f 67 70 75
f 446 401 451
f 411 445 406
f 782 852 830
f 3196 3089 2967
f 1671 1660 1678
f 2760 2664 2778
f 1107 1219 1174
f 3351 3313 3345
f 1034 948 883
f 3130 3187 3225
f 857 941 854
f 1348 1368 1304
f 2474 2534 2485
f 1910 1896 1875
f 912 956 901
f 650 619 609
f 166 155 162
f 2493 2472 2476
f 1352 1317 1084
f 1549 1553 1638
f 3419 3463 3428
f 1147 1198 1169
f 1041 1062 978
f 2277 2310 2294
f 2039 2010 2029
f 1575 1654 1679
f 21 14 10
f 2433 2374 2390
f 2227 2193 2241
f 3867 3884 3870
f 3425 3440 3361
f 3285 3319 3250
f 2722 2766 2697
f 3435 3499 3460
f 2562 2705 2672
f 2713 2714 2743
f 2028 2222 2207
f 2493 2476 2462
f 3836 3843 3831
f 228 226 249
f 4004 4009 4011
f 2658 2702 2668
f 248 242 240
f 4005 4004 4011
f 1556 1573 1514
f 2916 2914 3030
f 2249 2236 2208
f 1021 850 1148
f 2838 2698 2804
f 2811 2791 2767
f 2070 2050 2081
f 2776 2621 2792
f 1844 1831 1803
f 3416 3413 3423
f 3379 3420 3461
f 888 836 894
f 1447 1434 1487
f 3121 2886 3089
f 864 833 907
f 1457 1437 1422
f 2743 2708 2793
f 3361 3331 3425
f 1536 1540 1586
f 2314 2308 2337
f 1609 1618 1622
f 2973 2963 2929
f 115 108 105
f 1895 1937 1799
f 976 965 1059
f 2105 2104 2093
f 1581 1605 1491
f 1975 1869 2036
f 3336 3270 3320
f 3365 3362 3341
f 586 609 587
f 1227 1191 1240
f 1431 1392 1394
f 3434 3448 3437
f 3000 2999 2960
f 3582 3517 3642
f 949 954 847
f 2593 2553 2586
f 3611 3609 3646
f 1644 1631 1598
f 939 1083 826
f 1116 1147 1123
f 712 703 727
f 1184 1190 1112
f 1599 1546 1603
f 82 70 78
f 2019 2062 2140
f 2365 2340 2451
f 2871 2838 2804
f 727 736 712
f 1924 2008 1980
f 412 409 468
f 3939 3946 3941
f 3716 3690 3720
f 3926 3917 3925
f 1036 832 1003
f 285 241 252
f 3248 3232 3286
f 115 120 124
f 2420 2482 2431
f 2566 2748 2640
f 1606 1594 1588
f 2045 2004 2027
f 750 737 767
f 4006 4005 4013
f 1269 1235 1228
f 3880 3887 3882
f 3026 3063 3146
f 1094 1103 1131
f 565 564 551
f 1371 1322 1403
f 987 1032 981
f 124 118 115
f 2853 2819 2867
f 348 345 353
f 2927 2965 2970
f 2591 2584 2692
f 2068 2002 2179
f 4006 4008 4002
f 98 104 107
f 95 106 92
f 2526 2537 2496
f 1089 1037 1110
f 2545 2535 2649
f 1261 1240 1222
f 4007 4009 4004
f 3283 3225 3337
f 1373 1407 1476
f 3736 3726 3735
f 35 49 61
f 1922 1926 1916
f 2306 2348 2224
f 2464 2454 2443
f 1343 1455 1485
f 3049 3011 3050
f 2921 2857 2888
f 2801 2790 2880
f 1243 1218 1230
f 1593 1551 1584
f 2372 2447 2461
f 798 818 903
f 1552 1485 1455
f 2215 2100 2214
f 2361 2342 2352
f 2178 2161 2186
f 24 7 17
f 3943 3940 3948
f 2512 2517 2495
f 3722 3740 3728
f 4003 4007 3998
f 471 460 481
f 894 872 934
f 2338 2330 2509
f 1688 1701 1694
f 1756 1742 1775
f 2931 2946 2941
f 1126 1150 1145
f 1804 1714 1782
f 1824 1828 1845
f 2223 2232 2338
f 3045 3055 3059
f 2177 2167 2192
f 3491 3470 3462
f 2504 2491 2547
f 2611 2590 2582
f 3792 3793 3801
f 625 600 622
f 1593 1584 1635
f 711 665 715
f 3673 3661 3670
f 3303 3298 3315
f 2712 2728 2625
f 597 579 587
f 3773 3772 3758
f 90 91 99
f 4006 3999 4005
f 705 818 798
f 2813 2824 2815
f 533 537 508
f 2759 2869 2778
f 124 120 131
f 2005 2040 2017
f 1625 1611 1622
f 1108 1219 1107
f 946 769 1099
f 130 138 127
f 4004 4001 4007
f 3286 3232 3260
f 3082 3077 3118
f 1902 1919 1879
f 3841 3873 3830
f 2391 2437 2389
f 4001 3998 4007
f 583 608 590
f 3710 3695 3699
f 2632 2666 2617
f 3821 3836 3819
f 1315 1261 1253
f 839 873 962
f 3712 3674 3715
f 2519 2540 2511
f 68 45 62
f 381 406 398
f 661 666 630
f 2500 2502 2535
f 2211 2187 2227
f 2251 2297 2360
f 649 652 673
f 3071 3064 3047
f 294 276 274
f 2520 2380 2543
f 2808 2798 2859
f 431 467 433
f 2471 2488 2493
f 3565 3609 3611
f 1270 1272 1229
f 1848 1840 1863
f 844 1009 774
f 3851 3850 3848
f 2591 2542 2584
f 1382 1369 1380
f 1959 1994 1891
f 1769 1795 1766
f 540 521 506
f 2084 2044 2073
f 2686 2589 2664
f 1723 1661 1642
f 3075 3048 3133
f 3413 3416 3402
f 1691 1664 1694
f 2355 2354 2327
f 3233 3206 3294
f 346 327 348
f 3388 3567 3517
f 3552 3578 3529
f 2633 2875 2717
f 3698 3682 3701
f 1095 1090 1121
f 232 235 233
f 929 927 936
f 3479 3425 3444
f 1940 1951 1914
f 858 859 895
f 987 981 947
f 3666 3660 3655
f 2047 1984 1868
f 3229 3274 3230
f 2318 2328 2469
f 220 222 216
f 2519 2511 2488
f 871 850 748
f 54 51 56
f 3482 3473 3477
f 902 867 917
f 3780 3783 3771
f 1377 1357 1389
f 93 78 86
f 2038 2041 2114
f 4 1 2
f 12 11 28
f 1384 1459 1493
f 3497 3543 3498
f 4005 3999 3997
f 100 107 113
f 3880 3875 3868
f 951 1017 888
f 2502 2445 2535
f 1574 1575 1502
f 1943 1837 1854
f 1721 1757 1802
f 1850 1845 1811
f 3162 3185 3138
f 659 694 656
f 1424 1342 1468
f 1898 1887 1856
f 2755 2775 2753
f 2745 2691 2718
f 1847 1746 1793
f 3764 3763 3776
f 2496 2473 2413
f 1436 1426 1376
f 627 615 660
f 1826 1827 1798
f 1693 1602 1619
f 1681 1716 1696
f 1085 1074 1063
f 1556 1559 1588
f 1609 1583 1573
f 281 307 284
f 3956 3961 3955
f 3140 3166 3184
f 1049 998 985
f 1949 1922 1940
f 2605 2688 2546
f 1422 1437 1368
f 23 43 27
f 2549 2540 2539
f 520 516 472
f 1730 1641 1739
f 3825 3840 3829
f 550 525 553
f 1109 1149 1062
f 1626 1635 1666
f 3103 3092 3004
f 1615 1612 1677
f 2631 2616 2592
f 3997 4004 4005
f 2031 2034 1961
f 3336 3371 3340
f 1110 1157 1089
f 556 576 453
f 1065 1066 1033
f 799 798 892
f 125 128 121
f 2456 2485 2446
f 1260 1220 1214
f 1189 1198 1147
f 2872 2863 2869
f 1826 1808 1838
f 3899 3905 3896
f 449 485 544
f 450 434 428
f 1044 1003 950
f 380 358 428
f 2690 2714 2701
f 119 121 110
f 17 5 19
f 1827 1826 1856
f 3717 3701 3692
f 808 819 801
f 37 46 26
f 1345 1409 1337
f 3423 3437 3416
f 2108 2127 2061
f 2243 2277 2238
f 1305 1244 1302
f 2760 2757 2686
f 2652 2650 2618
f 3519 3521 3538
f 2572 2551 2415
f 3422 3478 3426
f 1660 1657 1678
f 3399 3419 3428
f 1231 1161 1238
f 176 172 167
f 1214 1220 1127
f 612 636 604
f 166 170 177
f 3698 3714 3690
f 1318 1291 1249
f 1943 1854 1984
f 90 89 85
f 2441 2470 2495
f 4001 4004 3997
f 2601 2663 2655
f 3418 3415 3454
f 2866 2900 2835
f 2118 2106 2150
f 965 976 919
f 856 831 803
f 2324 2333 2347
f 3100 3113 3030
f 1630 1599 1649
f 3947 3949 3955
f 1617 1597 1576
f 1523 1388 1537
f 3618 3496 3583
f 2956 2979 3025
f 1711 1696 1716
f 752 726 757
f 1008 1015 998
f 3996 4003 3998
f 2802 2765 2729
f 1873 1804 1882
f 2974 3000 2960
f 2745 2892 2793
f 1200 1211 1189
f 2352 2342 2316
f 1091 1103 1095
f 585 589 608
f 1251 1244 1305
f 517 521 540
f 3271 3267 3252
f 4001 3997 3995
f 1239 1213 1174
f 2720 2681 2622
f 831 886 811
f 604 600 598
f 523 547 535
f 2232 2117 2053
f 2933 2905 2952
f 122 116 121
f 3007 2957 2992
f 925 1075 1056
f 3060 3040 3018
f 3324 3326 3370
f 1310 1299 1334
f 2418 2295 2401
f 3057 3078 3066
f 1883 1904 1866
f 2034 2055 1897
f 269 287 256
f 2592 2593 2631
f 753 740 759
f 891 870 914
f 529 514 509
f 1954 1986 1949
f 2660 2648 2675
f 1236 1182 1227
f 2922 2938 2966
f 914 870 923
f 1985 2030 1861
f 3260 3219 3283
f 2875 2983 3101
f 487 505 526
f 3043 3177 3110
f 897 892 994
f 1376 1336 1390
f 3839 3863 3862
f 1821 1788 1794
f 2561 2581 2463
f 2032 2006 2050
f 3340 3359 3242
f 3499 3573 3460
f 1252 1265 1292
f 982 1134 974
f 2236 2246 2229
f 415 453 371
f 2523 2533 2431
f 1125 1106 1203
f 3394 3389 3400
f 2658 2668 2659
f 3793 3779 3786
f 2755 2753 2747
f 134 130 126
f 2329 2300 2313
f 419 430 464
f 3715 3676 3706
f 840 855 983
f 1476 1438 1373
f 3840 3839 3862
f 1455 1475 1552
f 3581 3576 3535
f 1071 1063 1025
f 3995 3998 4001
f 351 384 356
f 3250 3294 3206
f 3718 3687 3728
f 296 316 318
f 1949 1971 1926
f 2579 2559 2612
f 1036 1063 1074
f 3148 3120 3151
f 68 49 45
f 3490 3504 3552
f 1745 1753 1724
f 3996 3998 3992
f 620 633 664
f 2496 2413 2434
f 663 564 614
f 1970 1969 1999
f 3252 3245 3227
f 3153 3141 3160
f 3454 3415 3432
f 3311 3270 3336
f 1829 1795 1834
f 3818 3815 3833
f 3570 3516 3547
f 1865 1893 1932
f 1108 1059 1102
f 1086 977 1080
f 2170 2139 2186
f 617 573 599
f 166 173 159
f 3861 3845 3866
f 1245 1244 1218
f 3024 3046 3033
f 1171 1352 1084
f 3349 3345 3305
f 1222 1253 1261
f 3752 3755 3750
f 2527 2538 2532
f 112 104 108
f 1712 1627 1686
f 1420 1377 1389
f 755 851 766
f 4000 4002 4008
f 501 502 470
f 160 153 165
f 4003 4000 4008
f 1456 1518 1508
f 2373 2404 2390
f 1496 1495 1429
f 3529 3542 3493
f 425 452 397
f 3621 3617 3635
f 3576 3568 3550
f 4002 3999 4006
f 1616 1594 1607
f 561 523 566
f 1833 1856 1887
f 2851 2845 2891
f 3279 3274 3229
f 61 74 69
f 3257 3388 3412
f 3539 3543 3497
f 3929 3927 3930
f 154 153 143
f 1487 1481 1551
f 3481 3546 3504
f 243 227 244
f 2002 1944 2115
f 3221 3263 3316
f 3716 3725 3700
f 2254 2330 2232
f 113 117 123
f 509 514 510
f 2416 2438 2476
f 2104 2079 2093
f 2797 2816 2762
f 753 751 740
f 1971 1967 1928
f 236 230 238
f 1383 1404 1402
f 890 895 965
f 3052 2952 2908
f 2823 2883 2797
f 2184 2193 2162
f 3515 3485 3447
f 925 1056 851
f 3953 3956 3949
f 2492 2490 2524
f 1569 1518 1563
f 3525 3536 3559
f 2614 2679 2673
f 3250 3319 3294
f 3266 3293 3254
f 707 698 732
f 1373 1438 1316
f 1293 1255 1134
f 475 411 423
f 814 778 785
f 908 889 870
f 871 983 1104
f 2063 2051 2054
f 2276 2269 2298
f 3639 3533 3484
f 2688 2643 2704
f 788 967 813
f 3993 3997 3999
f 3013 3007 3056
f 3029 3008 3257
f 2536 2360 2383
f 2064 2066 2092
f 2129 2281 2231
f 1026 1061 984
f 1072 1207 1028
f 1406 1469 1420
f 3766 3781 3768
f 1878 1842 1855
f 3627 3602 3599
f 897 799 892
f 2392 2363 2393
f 2633 2640 2758
f 1048 1055 1046
f 2549 2533 2523
f 2397 2394 2435
f 630 666 637
f 2481 2511 2497
f 2835 2819 2782
f 540 542 517
f 2478 2441 2495
f 3996 4000 4003
f 319 306 324
f 454 546 485
f 2172 2187 2211
f 767 848 750
f 1553 1602 1638
f 2028 2071 2222
f 2267 2148 2199
f 1174 1159 1122
f 578 558 674
f 366 388 365
f 1157 1218 1197
f 1691 1700 1674
f 2066 2064 2052
f 1516 1533 1520
f 2991 2955 3034
f 1391 1387 1417
f 3132 3168 3157
f 3994 4002 4000
f 3867 3829 3840
f 1926 1917 1916
f 2320 2298 2316
f 1248 1192 1131
f 3167 3226 3150
f 1086 1116 1043
f 2951 2930 3001
f 3378 3398 3365
f 1159 1174 1213
f 3501 3532 3439
f 1186 1188 1211
f 3255 3253 3261
f 2292 2305 2322
f 1045 1092 1119
f 2449 2452 2439
f 394 401 446
f 2327 2329 2313
f 1315 1320 1372
f 1256 1203 1259
f 3859 3847 3843
f 3994 3993 3999
f 3999 4002 3994
f 1116 1086 1158
f 3894 3892 3898
f 3804 3793 3803
f 1810 1819 1938
f 3781 3798 3795
f 2236 2285 2246
f 3418 3414 3381
f 1212 1190 1184
f 1757 1709 1762
f 625 639 645
f 2763 2646 2692
f 2704 2757 2771
f 90 82 91
f 3996 3994 4000
f 2353 2287 2273
f 1662 1754 1731
f 1979 2074 1998
f 2849 2732 2897
f 2038 2099 2013
f 1009 1120 1000
f 3043 3117 3220
f 164 158 167
f 2782 2794 2772
f 3535 3512 3581
f 625 643 624
f 1677 1656 1680
f 2401 2536 2544
f 3627 3649 3624
f 1519 1507 1501
f 1033 1012 1027
f 1431 1482 1392
f 1738 1762 1679
f 1473 1512 1463
f 3196 2967 3242
f 654 646 631
f 3839 3844 3863
f 3799 3790 3796
f 1777 1734 1791
f 1594 1618 1573
f 3716 3700 3660
f 1739 1641 1684
f 3090 3130 3128
f 1928 1926 1971
f 2872 2869 2898
f 430 462 464
f 2013 1970 2038
f 2252 2191 2233
f 770 747 714
f 839 819 793
f 1776 1756 1790
f 1871 1891 1885
f 2507 2485 2534
f 85 82 90
f 3639 3620 3533
f 586 587 579
f 703 696 727
f 3497 3498 3449
f 754 770 722
f 1657 1650 1675
f 3123 3126 3119
f 790 780 811
f 2564 2560 2582
f 3324 3333 3286
f 1361 1328 1353
f 2041 2018 1995
f 419 463 424
f 3325 3341 3362
f 2767 2791 2692
f 2010 1993 2007
f 1908 1810 1938
f 2867 2835 2900
f 262 314 271
f 3246 3251 3235
f 2782 2796 2835
f 1764 1736 1816
f 2601 2655 2657
f 2363 2334 2326
f 440 443 396
f 2539 2507 2558
f 2596 2606 2558
f 1691 1701 1700
f 706 725 716
f 2329 2339 2309
f 3673 3687 3718
f 3997 3990 3995
f 3504 3490 3475
f 847 823 787
f 1019 973 914
f 2649 2674 2715
f 3468 3478 3422
f 2766 2844 2767
f 782 758 727
f 3842 3838 3822
f 449 377 405
f 3207 3177 3273
f 2910 2951 2965
f 721 728 719
f 1538 1515 1571
f 2985 3018 3053
f 2588 2554 2592
f 545 539 503
f 929 936 976
f 2967 2831 2761
f 3990 3992 3995
f 1658 1746 1734
f 3995 3992 3998
f 1199 1229 1194
f 1877 1955 2071
f 907 1086 1043
f 3421 3411 3428
f 2876 2858 2893
f 1302 1244 1245
f 1303 1180 1343
f 2519 2453 2503
f 908 1053 896
f 861 849 843
f 1822 1731 1754
f 3504 3475 3481
f 1661 1673 1581
f 2470 2499 2495
f 1333 1384 1494
f 1965 1995 2004
f 2082 2224 2188
f 1034 958 1142
f 1474 1579 1558
f 1596 1636 1637
f 1884 1847 2002
f 1830 1900 1834
f 934 948 963
f 2838 2871 2915
f 3344 3429 3374
f 2851 2778 2845
f 3192 3228 3184
f 2480 2467 2502
f 2627 2647 2552
f 411 406 381
f 1259 1288 1312
f 2227 2258 2211
f 2243 2238 2206
f 2020 1994 2044
f 1716 1735 1728
f 1374 1435 1528
f 2454 2448 2427
f 3768 3773 3762
f 3557 3571 3572
f 2473 2496 2537
f 2989 3088 2959
f 1383 1401 1404
f 3208 3072 3194
f 483 489 497
f 1345 1305 1356
f 1203 1256 1195
f 1309 1314 1365
f 2174 2191 2196
f 3190 3136 3221
f 3305 3313 3287
f 3095 3220 3117
f 2219 2206 2170
f 1122 1087 1174
f 3310 3275 3271
f 276 301 263
f 3126 3138 3119
f 3636 3611 3646
f 2287 2304 2201
f 2027 2016 2090
f 2550 2633 2717
f 3986 3992 3990
f 3158 3167 3118
f 3611 3636 3601
f 3118 3150 3098
f 1023 956 1039
f 2868 2896 2827
f 2296 2332 2215
f 1374 1528 1486
f 3646 3657 3636
f 720 744 815
f 2736 2677 2726
f 3093 2964 3199
f 1562 1576 1592
f 1807 1790 1832
f 2739 2726 2657
f 3544 3594 3534
f 3706 3732 3715
f 3183 3193 3153
f 122 121 129
f 3185 3162 3212
f 3489 3515 3464
f 792 967 788
f 2852 2863 2872
f 1289 1295 1264
f 2215 2332 2273
f 3604 3602 3624
f 781 826 738
f 1167 1092 1216
f 2112 2164 2111
f 405 352 386
f 562 544 485
f 2056 2180 2037
f 1214 1175 1237
f 1327 1285 1329
f 1085 1063 1071
f 4 9 1
f 355 357 360
f 3789 3787 3799
f 2650 2648 2628
f 2710 2694 2581
f 3823 3796 3827
f 3982 3990 3984
f 657 678 626
f 2003 2006 2023
f 1741 1760 1750
f 1855 1852 1867
f 3684 3723 3672
f 2407 2376 2375
f 3986 3990 3982
f 1901 1897 1829
f 1394 1380 1369
f 3161 3169 3188
f 1752 1723 1810
f 596 610 611
f 933 861 972
f 932 904 1011
f 2074 2061 2088
f 820 782 747
f 2646 2667 2606
f 2178 2186 2143
f 1936 1945 1920
f 3406 3413 3402
f 1440 1472 1255
f 2708 2714 2690
f 182 171 190
f 465 475 556
f 876 938 856
f 1257 1297 1441
f 3377 3424 3366
f 13 22 4
f 1328 1331 1287
f 3486 3527 3491
f 3760 3770 3755
f 3670 3671 3685
f 3828 3830 3812
f 109 99 110
f 2948 2966 2938
f 3595 3552 3579
f 1129 1133 1255
f 1643 1598 1580
f 853 900 828
f 2323 2264 2341
f 1820 1859 1821
f 2327 2325 2310
f 1938 2046 1908
f 3996 3991 3994
f 3231 3182 3295
f 646 647 636
f 2107 2095 2118
f 2678 2595 2541
f 947 989 968
f 3741 3746 3731
f 1152 946 1099
f 3615 3580 3621
f 44 62 45
f 1554 1509 1478
f 1737 1751 1646
f 2052 2064 2049
f 314 279 271
f 1210 1038 1056
f 1250 1219 1213
f 170 178 183
f 1903 1892 2062
f 1617 1611 1625
f 1877 1836 1955
f 3065 3069 3028
f 1073 1090 1095
f 427 406 445
f 2566 2508 2365
f 2433 2386 2467
f 2516 2522 2498
f 3761 3738 3767
f 2253 2230 2256
f 606 662 764
f 436 455 387
f 1958 1929 1966
f 1589 1488 1534
f 1432 1423 1497
f 842 899 794
f 2048 1937 1895
f 2418 2341 2295
f 3798 3812 3795
f 1666 1665 1692
f 822 841 1101
f 2123 2019 2198
f 3314 3283 3380
f 812 789 905
f 2058 2065 2039
f 2842 2915 2976
f 866 842 874
f 1398 1433 1350
f 3377 3366 3302
f 177 170 183
f 2598 2597 2468
f 256 278 260
f 271 249 226
f 1803 1825 1805
f 3336 3320 3353
f 61 68 74
f 1232 1228 1184
f 993 1027 1011
f 3996 3992 3991
f 2820 2810 2852
f 1799 1768 1895
f 2836 2889 2828
f 2030 2201 2056
f 2942 2854 3043
f 29 15 18
f 1520 1526 1510
f 3384 3422 3380
f 3528 3547 3523
f 1072 1143 1277
f 1301 1390 1336
f 3997 3993 3988
f 3387 3395 3327
f 3058 3109 3080
f 726 711 719
f 3450 3470 3464
f 211 216 208
f 3932 3924 3923
f 70 60 78
f 3990 3997 3988
f 2089 2134 2073
f 179 152 181
f 3243 3240 3115
f 1325 1349 1329
f 2721 2667 2750
f 2664 2709 2759
f 3994 3987 3993
f 2724 2670 2662
f 3207 3158 3110
f 3424 3422 3397
f 3819 3831 3816
f 412 357 369
f 414 391 432
f 692 576 556
f 957 969 933
f 2410 2395 2408
f 3924 3932 3933
f 2917 2996 2885
f 3294 3355 3301
f 3159 3052 3104
f 3746 3739 3733
f 1764 1767 1747
f 2221 2218 2248
f 2957 2986 2992
f 1266 1278 1298
f 1832 1833 1891
f 3991 3989 3994
f 519 462 513
f 1161 1120 1238
f 2442 2423 2441
f 3454 3432 3473
f 2734 2682 2728
f 3032 3025 2979
f 2065 2083 2098
f 615 581 620
f 1532 1536 1562
f 3220 3121 3281
f 491 511 534
f 1581 1673 1605
f 341 342 333
f 3205 3200 3164
f 3779 3774 3776
f 2018 2038 2012
f 3181 3165 3201
f 700 694 659
f 1965 1969 1972
f 89 90 94
f 3594 3564 3561
f 1939 1932 1978
f 1020 1123 1135
f 683 868 940
f 1468 1505 1536
f 2436 2446 2408
f 2415 2469 2572
f 3193 3216 3221
f 2075 2092 2066
f 805 716 725
f 60 77 78
f 2068 2195 2036
f 2739 2706 2821
f 3767 3769 3789
f 1438 1406 1316
f 741 735 800
f 3091 3203 3102
f 692 743 576
f 2822 2812 2814
f 2013 2099 2087
f 2396 2420 2395
f 2407 2375 2396
f 3563 3551 3580
f 2179 2223 2297
f 2359 2282 2370
f 2214 2235 2296
f 2262 2321 2364
f 1327 1359 1353
f 1759 1761 1811
f 2505 2550 2367
f 904 880 866
f 2779 2757 2789
f 1990 1995 1957
f 3782 3784 3773
f 3159 3191 3052
f 3211 3227 3209
f 3223 3205 3214
f 877 967 829
f 3296 3243 3258
f 1953 1965 1910
f 1368 1341 1304
f 1454 1464 1465
f 836 888 781
f 1920 1954 1921
f 3826 3820 3839
f 2551 2572 2706
f 2914 3005 3027
f 725 695 765
f 1303 1354 1128
f 2897 2911 3004
f 3233 3252 3227
f 471 455 501
f 2844 2889 2836
f 1839 1842 1864
f 2217 2282 2263
f 1771 1854 1761
f 1491 1534 1352
f 140 148 133
f 34 12 28
f 3488 3510 3455
f 2542 2591 2534
f 618 590 608
f 660 615 664
f 3102 3133 3048
f 2978 2936 2966
f 889 867 902
f 1549 1512 1473
f 1809 1892 1779
f 975 952 961
f 2366 2368 2388
f 1106 1023 1089
f 2387 2382 2385
f 1812 1806 1880
f 2979 2956 2931
f 672 666 661
f 920 940 1146
f 135 119 127
f 182 193 175
f 1763 1723 1685
f 1622 1610 1609
f 519 525 464
f 202 198 214
f 3076 3137 3051
f 2954 2997 2984
f 3991 3992 3986
f 1804 1782 1882
f 1196 1226 1199
f 2069 2111 2116
f 3532 3541 3439
f 517 542 524
f 3570 3547 3606
f 597 585 579
f 211 202 214
f 1944 2053 2117
f 3873 3856 3881
f 3556 3487 3453
f 2062 2242 2140
f 771 763 808
f 3358 3335 3386
f 3985 3989 3991
f 815 744 799
f 1691 1674 1655
f 3124 3137 3151
f 236 232 230
f 829 792 778
f 3885 3883 3891
f 2989 2956 3025
f 1780 1784 1760
f 2466 2510 2381
f 3771 3765 3780
f 3987 3988 3993
f 2679 2713 2673
f 811 886 885
f 3988 3984 3990
f 337 316 328
f 1758 1760 1749
f 1736 1714 1804
f 3471 3417 3457
f 1382 1381 1410
f 739 750 740
f 3254 3293 3265
f 3284 3189 3270
f 498 488 487
f 3431 3379 3461
f 2136 2145 2135
f 893 860 858
f 263 274 276
f 964 947 981
f 679 682 667
f 1672 1681 1624
f 2113 2136 2103
f 3801 3793 3804
f 2443 2454 2417
f 2910 2884 2951
f 699 680 661
f 2241 2184 2253
f 322 328 316
f 3677 3657 3646
f 26 21 37
f 3802 3791 3805
f 606 582 662
f 2538 2529 2532
f 154 161 165
f 10 14 5
f 199 195 186
f 3215 3201 3259
f 1200 1164 1138
f 2436 2431 2456
f 2877 2887 3023
f 815 925 775
f 1874 1879 1885
f 99 109 102
f 2044 2013 2087
f 1217 1435 1374
f 2975 2946 3000
f 3987 3979 3988
f 3748 3704 3749
f 2921 2940 2890
f 1578 1676 1662
f 870 891 908
f 3283 3337 3380
f 152 139 146
f 2782 2772 2734
f 402 407 378
f 1796 1801 1767
f 3913 3921 3912
f 440 474 507
f 178 162 172
f 2367 2364 2505
f 3860 3864 3852
f 3657 3647 3636
f 3748 3749 3775
f 3986 3980 3991
f 1258 1250 1234
f 3559 3550 3568
f 1995 1990 2041
f 1360 1309 1365
f 1007 984 1061
f 1889 1878 1855
f 1511 1513 1529
f 2321 2198 2272
f 3810 3809 3817
f 1856 1857 1898
f 1221 988 865
f 666 684 705
f 1257 1185 1096
f 375 401 385
f 3528 3553 3531
f 2402 2486 2351
f 1554 1598 1555
f 2915 2871 2918
f 1906 1918 2020
f 1297 1154 1021
f 3903 3907 3909
f 1617 1586 1611
f 763 768 793
f 2497 2432 2481
f 2109 2102 2118
f 604 598 612
f 2611 2644 2590
f 1774 1819 1763
f 2583 2601 2657
f 2364 2367 2303
f 291 307 281
f 1467 1497 1423
f 1408 1377 1420
f 916 885 956
f 9 3 1
f 2494 2412 2335
f 3985 3991 3980
f 1693 1703 1602
f 1281 1254 1236
f 55 46 37
f 1113 1193 1242
f 1203 1106 1197
f 3564 3511 3495
f 3825 3817 3826
f 3989 3987 3994
f 3398 3403 3445
f 2426 2455 2404
f 1857 1844 1911
f 1600 1596 1567
f 2700 2724 2662
f 3144 3195 3125
f 1378 1429 1334
f 2689 2572 2624
f 664 685 702
f 198 193 201
f 1952 1947 1983
f 1613 1595 1655
f 1852 1849 1866
f 2663 2551 2706
f 3639 3628 3648
f 2910 2900 2866
f 3524 3427 3459
f 1078 1068 962
f 560 571 594
f 2892 2860 2793
f 3486 3462 3456
f 2285 2334 2319
f 2039 2052 2025
f 1741 1725 1735
f 3777 3785 3770
f 1414 1525 1440
f 1439 1409 1425
f 3814 3805 3816
f 3376 3372 3409
f 2736 2726 2762
f 837 916 853
f 2187 2193 2227
f 2859 2892 2809
f 1402 1386 1383
f 1668 1589 1534
f 667 658 679
f 370 355 379
f 3983 3987 3989
f 3171 3229 3198
f 1392 1449 1407
f 595 657 580
f 3983 3989 3985
f 775 720 815
f 2377 2425 2304
f 1566 1479 1499
f 2744 2727 2716
f 2312 2333 2325
f 1997 1881 1992
f 3442 3456 3450
f 753 759 783
f 2232 2330 2338
f 2947 2958 2895
f 1101 1136 822
f 1727 1717 1747
f 2688 2605 2643
f 592 595 486
f 1132 1137 1160
f 1987 1880 1975
f 824 828 857
f 2530 2529 2538
f 1677 1720 1732
f 168 157 169
f 3433 3377 3375
f 1315 1286 1320
f 1484 1549 1473
f 451 500 446
f 3163 3165 3181
f 1744 1706 1651
f 3418 3382 3415
f 2865 2797 2883
f 393 362 370
f 2906 2967 2742
f 3456 3442 3455
f 2103 2136 2135
f 833 785 817
f 2180 2175 2037
f 3440 3449 3409
f 3722 3734 3740
f 2365 2508 2321
f 3191 3235 3203
f 3315 3282 3316
f 849 861 933
f 3016 3001 2987
f 2638 2630 2666
f 382 399 422
f 3983 3981 3987
f 814 838 829
f 1766 1753 1745
f 61 59 35
f 675 688 644
f 911 959 1002
f 2323 2450 2468
f 1767 1764 1796
f 3407 3421 3459
f 585 597 584
f 407 429 438
f 419 389 403
f 2814 2788 2824
f 3656 3663 3667
f 2884 2866 2796
f 3335 3306 3325
f 184 176 174
f 1779 1702 1753
f 2521 2553 2512
f 2624 2525 2693
f 3364 3346 3399
f 3447 3452 3443
f 2344 2315 2339
f 3841 3830 3837
f 195 200 190
f 3038 2985 3035
f 554 523 479
f 2331 2330 2254
f 1660 1653 1657
f 1966 1977 1958
f 2090 2094 2045
f 2283 2282 2163
f 3004 3097 3171
f 2600 2649 2680
f 2122 2138 2167
f 2893 2880 2932
f 364 346 371
f 3986 3982 3977
f 3254 3261 3266
f 3778 3780 3765
f 2855 2783 2744
f 1974 1954 1945
f 2432 2416 2472
f 188 184 174
f 2893 2932 2936
f 2417 2427 2405
f 3458 3466 3436
f 1177 1184 1076
f 3095 3117 3043
f 690 708 720
f 2739 2823 2797
f 1502 1499 1346
f 2326 2334 2285
f 475 465 445
f 1838 1817 1865
f 163 172 162
f 3904 3905 3910
f 817 977 907
f 351 416 384
f 2634 2686 2683
f 1139 1130 1132
f 1403 1393 1371
f 157 160 169
f 1363 1309 1360
f 3735 3726 3709
f 982 795 724
f 835 846 770
f 2288 2249 2271
f 1952 1923 1947
f 3982 3984 3976
f 225 231 221
f 3481 3475 3505
f 3047 3064 3027
f 756 739 740
f 2820 2872 2902
f 3191 3204 3237
f 3977 3982 3976
f 1841 1861 1773
f 982 974 795
f 3099 3109 3058
f 801 800 735
f 1563 1524 1567
f 212 208 217
f 1898 1933 1887
f 3873 3863 3844
f 3500 3476 3460
f 1544 1590 1604
f 3800 3799 3809
f 2577 2557 2565
f 2807 2806 2830
f 3330 3263 3288
f 892 903 1013
f 893 890 919
f 1841 1810 1908
f 977 783 832
f 2256 2230 2245
f 3974 3984 3988
f 1375 1392 1338
f 3280 3230 3274
f 765 830 825
f 984 914 923
f 3691 3706 3651
f 2865 2883 2949
f 2171 2185 2182
f 3759 3760 3752
f 1851 1754 1755
f 1692 1687 1700
f 2131 2148 2020
f 1808 1789 1817
f 1780 1787 1783
f 2242 2284 2340
f 1469 1458 1420
f 2419 2479 2465
f 2058 2063 2083
f 244 227 229
f 3574 3603 3610
f 3044 2918 3039
f 2746 2784 2720
f 3799 3800 3789
f 1671 1628 1631
f 2248 2257 2245
f 1231 1238 1310
f 3172 3164 3134
f 455 436 493
f 2539 2573 2549
f 2414 2422 2444
f 114 120 106
f 1021 1154 935
f 1555 1544 1509
f 3452 3447 3485
f 3381 3382 3418
f 2684 2696 2873
f 832 759 848
f 2944 2961 2855
f 3113 3079 2995
f 379 418 370
f 1567 1524 1521
f 792 762 778
f 3695 3657 3699
f 2657 2655 2739
f 1233 1215 1149
f 1589 1684 1641
f 2195 2068 2251
f 2686 2664 2760
f 1829 1834 1901
f 2740 2733 2597
f 1482 1514 1449
f 76 83 72
f 352 349 356
f 802 816 784
f 82 78 91
f 3980 3986 3977
f 2604 2627 2515
f 3319 3352 3294
f 2809 2892 2745
f 1486 1528 1582
f 1459 1419 1460
f 1114 1058 1113
f 1402 1423 1386
f 2259 2247 2258
f 3688 3695 3708
f 415 353 380
f 1054 1090 1073
f 371 353 415
f 1304 1341 1270
f 2132 2090 2125
f 2984 2958 2947
f 2327 2313 2325
f 969 1087 1006
f 534 531 504
f 3979 3974 3988
f 3085 3018 3040
f 2237 2212 2152
f 1870 1844 1814
f 2532 2529 2514
f 2811 2813 2791
f 3974 3976 3984
f 2162 2172 2132
f 3051 3137 3124
f 1175 1167 1237
f 1737 1721 1802
f 1791 1884 1869
f 3384 3380 3363
f 1515 1538 1489
f 1680 1707 1677
f 3236 3244 3203
f 208 212 207
f 1968 1927 1960
f 1611 1610 1622
f 203 206 208
f 845 837 834
f 1891 1887 1959
f 1013 903 1000
f 2646 2750 2667
f 2506 2487 2426
f 710 613 683
f 1995 1965 1972
f 2978 2971 2966
f 3822 3813 3798
f 2178 2143 2146
f 921 924 944
f 1702 1682 1724
f 2002 2115 2179
f 1076 1094 1177
f 180 190 171
f 3980 3970 3985
f 845 803 790
f 2535 2559 2579
f 3565 3520 3577
f 3779 3776 3786
f 2271 2228 2268
f 69 66 59
f 390 388 366
f 1418 1425 1447
f 3779 3792 3778
f 1372 1371 1423
f 188 174 173
f 1856 1833 1827
f 126 118 124
f 491 504 448
f 300 326 323
f 3226 3249 3268
f 646 654 655
f 1033 993 1065
f 306 294 310
f 2636 2699 2612
f 635 607 677
f 1502 1492 1574
f 3942 3946 3939
f 1445 1478 1509
f 912 884 1037
f 2253 2292 2270
f 775 755 699
f 397 409 369
f 533 541 537
f 1322 1371 1320
f 307 299 284
f 2815 2763 2791
f 343 338 337
f 2124 1997 1992
f 401 404 451
f 2885 2930 2884
f 2862 2919 2985
f 990 995 862
f 1142 1152 1388
f 1097 1140 1082
f 1612 1571 1620
f 1237 1271 1258
f 1582 1647 1561
f 2411 2509 2330
f 3050 3078 3049
f 3538 3521 3540
f 3745 3762 3758
f 3512 3430 3437
f 47 41 52
f 3286 3333 3302
f 807 883 791
f 722 714 701
f 2337 2356 2314
f 1004 968 1022
f 2772 2779 2795
f 2740 2598 2695
f 392 365 396
f 1999 2027 2018
f 2030 1985 2169
f 2988 3076 3051
f 2166 2181 2158
f 487 488 483
f 3660 3662 3655
f 2561 2710 2581
f 2020 1918 1994
f 3126 3147 3161
f 3235 3191 3237
f 1416 1403 1473
f 3937 3918 3938
f 2706 2862 2914
f 3558 3505 3554
f 3060 2990 3116
f 2227 2241 2261
f 699 755 698
f 2617 2573 2632
f 2677 2736 2732
f 2768 2826 2850
f 3401 3453 3373
f 3348 3354 3369
f 3479 3539 3497
f 833 817 907
f 375 404 401
f 2406 2462 2393
f 1648 1574 1568
f 2136 2176 2145
f 1747 1717 1736
f 1726 1734 1777
f 2855 2775 2839
f 3649 3653 3676
f 2363 2392 2362
f 2031 2022 2080
f 2969 2957 2993
f 138 134 144
f 642 638 653
f 3126 3162 3138
f 2744 2783 2770
f 2549 2523 2540
f 3009 2899 3051
f 3934 3947 3935
f 2082 2188 2133
f 2555 2510 2600
f 1828 1824 1843
f 1719 1673 1661
f 3764 3753 3763
f 3150 3118 3167
f 994 1013 1079
f 3055 3027 3005
f 3232 3219 3260
f 3485 3472 3452
f 3974 3979 3963
f 1092 1060 1183
f 332 350 367
f 1310 1238 1299
f 3889 3883 3876
f 889 902 870
f 3319 3285 3318
f 2627 2552 2515
f 1781 1792 1888
f 2622 2571 2614
f 3968 3976 3974
f 327 324 348
f 1484 1504 1553
f 3810 3800 3809
f 1793 1886 1944
f 2455 2466 2404
f 3647 3657 3650
f 3965 3976 3968
f 1788 1817 1789
f 1846 1838 1875
f 3977 3976 3965
f 2294 2324 2293
f 2234 2323 2209
f 390 378 421
f 2881 2748 2707
f 3806 3801 3811
f 1685 1645 1715
f 1949 1926 1922
f 760 762 792
f 3967 3977 3965
f 3980 3977 3967
f 1212 1222 1190
f 3280 3323 3337
f 3762 3773 3758
f 3773 3784 3772
f 1627 1565 1615
f 2724 2755 2711
f 1707 1680 1698
f 1722 1716 1681
f 1796 1816 1830
f 2388 2439 2445
f 1986 1971 1949
f 2018 2004 1995
f 1475 1455 1306
f 3865 3858 3836
f 3859 3843 3858
f 700 735 694
f 2589 2605 2486
f 3394 3406 3402
f 1333 1104 1206
f 928 937 869
f 1357 1340 1405
f 1584 1532 1562
f 434 445 444
f 2669 2581 2694
f 3792 3806 3794
f 1442 1490 1456
f 2395 2420 2431
f 3875 3853 3855
f 1060 1057 1114
f 2730 2756 2774
f 2919 2832 2990
f 1545 1497 1565
f 927 975 961
f 3074 3080 3136
f 992 951 943
f 171 182 156
f 248 247 245
f 2604 2761 2627
f 1220 1233 1109
f 252 289 285
f 1507 1471 1501
f 3745 3758 3732
f 319 330 301
f 2648 2650 2675
f 1372 1365 1335
f 64 65 50
f 1790 1833 1832
f 3970 3980 3967
f 2074 2088 2139
f 3840 3862 3867
f 2631 2642 2690
f 2425 2377 2552
f 3070 3084 3073
f 2184 2154 2230
f 2050 2069 2032
f 950 879 937
f 705 707 733
f 3963 3968 3974
f 2204 2228 2205
f 662 582 689
f 3367 3375 3333
f 2361 2357 2320
f 2254 2194 2331
f 1807 1843 1824
f 1226 1229 1199
f 245 247 239
f 1363 1419 1459
f 3342 3312 3196
f 989 1007 1061
f 3829 3810 3817
f 3101 3115 2875
f 2718 2691 2730
f 1807 1832 1843
f 422 399 442
f 2656 2590 2644
f 3309 3349 3305
f 2754 2737 2769
f 498 487 526
f 2616 2679 2614
f 3090 2981 3079
f 599 577 626
f 1376 1390 1436
f 1920 1912 1936
f 741 694 735
f 2730 2774 2800
f 1029 1014 909
f 808 847 771
f 1969 1953 1978
f 239 235 245
f 715 729 711
f 3884 3894 3900
f 1050 1017 951
f 3549 3525 3559
f 838 877 829
f 92 87 81
f 2839 2848 2896
f 756 740 751
f 1913 1900 1980
f 1058 989 1113
f 3981 3983 3975
f 1256 1259 1312
f 862 806 784
f 72 57 65
f 1606 1614 1607
f 1655 1595 1664
f 2147 2145 2183
f 3847 3835 3843
f 1321 1313 1338
f 3338 3339 3360
f 1013 994 892
f 3192 3166 3173
f 2346 2265 2231
f 3136 3156 3221
f 3975 3983 3978
f 3855 3857 3868
f 3431 3461 3496
f 795 734 678
f 1539 1453 1572
f 744 730 799
f 2321 2508 2364
f 441 427 477
f 3985 3978 3983
f 2287 2377 2304
f 53 37 43
f 3810 3797 3800
f 2240 2229 2250
f 392 396 443
f 3686 3729 3705
f 2591 2558 2534
f 3577 3520 3513
f 1794 1787 1820
f 2900 2910 2927
f 2791 2813 2815
f 229 220 224
f 1403 1322 1319
f 1030 985 963
f 3981 3979 3987
f 1221 865 966
f 2315 2344 2322
f 1123 1043 1116
f 294 300 310
f 2649 2612 2674
f 1999 1978 2016
f 1779 1892 1815
f 3312 3121 3089
f 2614 2588 2616
f 912 1037 956
f 893 858 890
f 577 562 546
f 611 610 649
f 2299 2300 2329
f 2435 2394 2429
f 3759 3777 3760
f 3290 3276 3313
f 630 637 591
f 2168 2190 2156
f 2818 2802 2884
f 1280 1316 1260
f 2510 2545 2600
f 954 949 1070
f 1467 1538 1497
f 1693 1619 1730
f 2565 2548 2567
f 648 649 669
f 1258 1308 1250
f 2101 2033 2119
f 2696 2574 2552
f 6 25 11
f 1284 1286 1268
f 2014 2000 1960
f 3336 3340 3311
f 1276 1290 1273
f 2315 2290 2309
f 3835 3847 3834
f 2824 2805 2846
f 1094 1076 1040
f 2833 2964 2749
f 3451 3477 3473
f 1391 1413 1395
f 2663 2739 2655
f 1470 1326 1221
f 1045 979 1092
f 138 135 127
f 133 129 140
f 1890 1927 1872
f 327 346 330
f 2038 1970 2012
f 2687 2625 2543
f 1474 1558 1428
f 1772 1784 1798
f 1089 1023 1039
f 221 237 215
f 3077 3034 2996
f 3052 3191 3091
f 2285 2288 2326
f 80 83 76
f 3727 3719 3680
f 3979 3981 3972
f 2887 2834 2980
f 2658 2639 2702
f 414 472 400
f 3918 3937 3916
f 2180 2304 2275
f 1843 1832 1891
f 9 18 15
f 3682 3698 3678
f 1880 1806 1975
f 2049 2064 2067
f 727 758 736
f 2252 2291 2239
f 1822 1881 1774
f 555 550 563
f 1480 1577 1572
f 2524 2517 2571
f 1643 1644 1598
f 1077 1091 1095
f 2380 2306 2265
f 3645 3589 3625
f 599 671 617
f 604 622 600
f 3975 3972 3981
f 1719 1661 1752
f 665 711 675
f 1599 1603 1649
f 2009 2138 2076
f 3897 3895 3904
f 3877 3872 3864
f 3702 3672 3723
f 696 703 686
f 3971 3973 3978
f 3295 3379 3396
f 2033 2023 2077
f 1915 1929 1958
f 3978 3985 3970
f 1409 1439 1379
f 1782 1708 1751
f 3560 3584 3574
f 2648 2599 2628
f 2415 2318 2469
f 3492 3512 3448
f 1614 1606 1613
f 534 522 531
f 3859 3858 3871
f 2399 2284 2286
f 1613 1632 1614
f 1796 1764 1816
f 2255 2301 2243
f 3789 3788 3767
f 1105 1117 1098
f 3277 3332 3289
f 187 183 191
f 3880 3877 3888
f 2307 2222 2335
f 320 317 289
f 460 468 492
f 1052 1045 1115
f 3108 3009 3124
f 1290 1294 1273
f 51 48 47
f 2352 2345 2372
f 2966 2932 2922
f 3317 3228 3302
f 2883 2823 2909
f 2608 2603 2609
f 3807 3812 3830
f 1281 1263 1254
f 3975 3966 3972
f 3900 3908 3901
f 3402 3416 3430
f 3068 3056 3031
f 3108 2983 3009
f 1595 1544 1604
f 1727 1724 1697
f 862 995 881
f 1105 1100 1155
f 1601 1552 1475
f 3971 3978 3970
f 3594 3589 3534
f 3014 3066 3073
f 557 550 551
f 699 661 640
f 1363 1360 1419
f 3439 3369 3354
f 2566 2640 2508
f 2272 2365 2321
f 1370 1357 1405
f 784 776 802
f 2968 2982 2941
f 3628 3615 3635
f 1678 1683 1688
f 1644 1670 1653
f 2133 2161 2108
f 1605 1668 1534
f 3449 3420 3409
f 2263 2302 2278
f 816 802 911
f 971 905 881
f 927 929 882
f 393 397 362
f 3680 3685 3671
f 2595 2450 2418
f 3663 3709 3692
f 978 980 955
f 2040 2057 2017
f 739 754 722
f 117 112 118
f 243 231 225
f 821 811 885
f 3441 3395 3387
f 1714 1708 1782
f 2462 2438 2393
f 3916 3910 3918
f 2829 2756 2834
f 3915 3922 3918
f 2768 2773 2769
f 2745 2708 2641
f 2690 2701 2679
f 1022 1031 1004
f 2905 2908 2952
f 3467 3473 3482
f 707 731 733
f 791 742 807
f 678 659 626
f 3831 3819 3836
f 604 632 622
f 2417 2405 2384
f 2585 2567 2618
f 1061 1026 1193
f 3844 3827 3873
f 489 508 515
f 3099 3058 3041
f 3476 3523 3516
f 246 238 247
f 3666 3667 3678
f 469 443 536
f 2183 2200 2150
f 187 188 173
f 2089 2073 2088
f 3445 3550 3536
f 145 154 143
f 1232 1184 1177
f 484 457 439
f 1805 1848 1820
f 2313 2312 2325
f 747 782 727
f 2411 2486 2546
f 2063 2054 2085
f 1594 1623 1618
f 2819 2853 2771
f 1817 1821 1865
f 1427 1458 1471
f 2495 2484 2512
f 2421 2563 2477
f 3050 2877 3023
f 934 872 948
f 1626 1620 1591
f 3202 3219 3232
f 2816 2736 2762
f 3972 3963 3979
f 477 445 450
f 89 92 84
f 1038 1065 993
f 3021 3020 2950
f 1726 1738 1654
f 3025 3074 2989
f 1501 1458 1498
f 1345 1410 1434
f 1503 1468 1532
f 438 429 469
f 1925 1928 1967
f 881 905 789
f 1727 1745 1724
f 2486 2411 2331
f 2881 2849 2950
f 20 4 22
f 870 910 923
f 1808 1784 1789
f 125 135 136
f 3237 3208 3246
f 3871 3865 3874
f 588 637 633
f 3296 3259 3299
f 3651 3653 3627
f 3733 3743 3727
f 3035 3065 3002
f 3971 3970 3957
f 1424 1468 1503
f 651 658 667
f 1806 1777 1869
f 3216 3241 3263
f 1505 1517 1531
f 1289 1264 1275
f 463 475 424
f 1889 1867 1904
f 3952 3946 3942
f 3951 3963 3972
f 969 1006 944
f 3748 3723 3684
f 3966 3951 3972
f 189 192 191
f 3549 3559 3571
f 3906 3905 3899
f 1734 1746 1791
f 2499 2527 2479
f 3840 3826 3839
f 3045 3047 3055
f 3173 3130 3225
f 3717 3692 3726
f 1077 1095 1121
f 1482 1483 1544
f 3403 3405 3445
f 331 332 367
f 1345 1356 1410
f 2693 2525 2575
f 1421 1508 1542
f 1288 1259 1197
f 851 874 809
f 3134 3125 3172
f 1451 1436 1390
f 199 194 207
f 1143 1374 1277
f 3670 3687 3673
f 2576 2565 2585
f 3975 3978 3973
f 3090 3079 3130
f 3739 3730 3718
f 1365 1372 1432
f 178 184 189
f 696 686 676
f 1403 1416 1393
f 3483 3574 3499
f 2740 2597 2598
f 2753 2744 2716
f 961 952 936
f 1654 1575 1574
f 1443 1424 1503
f 1944 2117 2115
f 3074 3190 3088
f 2128 2194 2254
f 22 13 34
f 3291 3306 3335
f 885 886 952
f 3856 3853 3881
f 3975 3973 3969
f 3811 3804 3818
f 84 92 81
f 2130 2160 2119
f 3830 3828 3837
f 3634 3585 3636
f 540 538 542
f 3634 3625 3594
f 1115 1119 1175
f 2043 2015 2000
f 2128 2001 2194
f 2701 2713 2679
f 303 295 302
f 2199 2131 2196
f 2556 2528 2506
f 3332 3277 3361
f 820 747 770
f 1428 1470 1221
f 1494 1560 1577
f 2425 2518 2343
f 30 33 16
f 495 509 476
f 3409 3420 3376
f 3411 3408 3428
f 2901 2839 2896
f 476 509 510
f 2372 2345 2359
f 660 634 627
f 2903 2943 2889
f 3945 3944 3936
f 1831 1825 1803
f 96 87 97
f 947 968 1004
f 2664 2589 2555
f 3349 3356 3351
f 603 568 663
f 601 600 625
f 3214 3205 3172
f 846 835 922
f 400 436 383
f 3100 3042 3094
f 2237 2286 2212
f 1656 1670 1680
f 3212 3223 3217
f 1905 1907 1915
f 3059 3038 3020
f 2478 2495 2517
f 2478 2442 2441
f 2437 2449 2439
f 3024 3033 2969
f 1208 1351 1202
f 2830 2829 2887
f 3410 3400 3439
f 1274 1339 1183
f 706 701 704
f 225 221 222
f 2940 2945 2891
f 2082 2026 1943
f 3971 3964 3973
f 1863 1858 1875
f 3712 3715 3737
f 743 777 592
f 2290 2274 2259
f 968 989 1058
f 1582 1528 1634
f 3767 3751 3769
f 605 596 621
f 2933 2923 2905
f 1901 1834 1900
f 1689 1677 1732
f 928 922 986
f 3189 3238 3170
f 1421 1351 1208
f 3591 3581 3512
f 3201 3238 3259
f 3028 3076 2988
f 2231 2281 2346
f 3969 3966 3975
f 3567 3480 3618
f 2157 2116 2173
f 3715 3674 3676
f 3748 3751 3723
f 2008 2076 2078
f 2409 2371 2432
f 2434 2461 2526
f 2943 2984 2947
f 658 669 679
f 3969 3973 3964
f 3964 3962 3969
f 3179 3211 3183
f 236 240 232
f 3125 3119 3144
f 454 485 437
f 466 449 544
f 984 1019 914
f 2010 2035 2054
f 2407 2396 2424
f 2494 2575 2412
f 1595 1559 1544
f 952 893 936
f 3178 3159 3131
f 127 123 130
f 3376 3297 3307
f 2377 2353 2515
f 29 20 38
f 2204 2229 2240
f 450 428 480
f 1633 1652 1721
f 420 437 405
f 199 207 215
f 3521 3519 3465
f 3370 3326 3374
f 868 935 1096
f 494 484 531
f 2618 2635 2645
f 571 570 588
f 2244 2294 2293
f 175 149 182
f 683 674 868
f 361 461 354
f 1160 1137 1151
f 3145 3096 3148
f 1987 2155 2159
f 2376 2406 2363
f 3096 3105 3083
f 3486 3491 3462
f 2220 2249 2213
f 593 591 569
f 221 217 222
f 2986 2969 3033
f 2670 2665 2629
f 3964 3971 3957
f 2381 2369 2466
f 1879 1919 1885
f 2385 2397 2423
f 401 373 385
f 2802 2672 2825
f 3698 3690 3678
f 2317 2301 2255
f 567 555 563
f 468 409 452
f 2240 2268 2228
f 158 157 167
f 2857 2817 2888
f 966 822 1136
f 1082 1069 1019
f 2469 2328 2525
f 1873 1924 1862
f 1234 1237 1258
f 2126 2091 2225
f 347 435 351
f 2300 2299 2261
f 1461 1506 1354
f 242 245 235
f 3742 3768 3762
f 1068 983 962
f 874 842 797
f 2753 2741 2790
f 3806 3805 3794
f 3036 3067 3104
f 869 825 852
f 639 647 645
f 976 1029 929
f 496 524 478
f 179 148 152
f 1084 1181 1005
f 1730 1771 1693
f 2741 2727 2781
f 2651 2676 2691
f 3282 3221 3316
f 89 84 79
f 2223 2115 2117
f 3870 3851 3842
f 3963 3961 3968
f 2181 2164 2158
f 2896 2868 2904
f 1762 1812 1836
f 2930 2972 3001
f 2277 2244 2238
f 569 548 552
f 3744 3735 3725
f 722 737 739
f 635 677 670
f 2715 2699 2786
f 1933 1957 1969
f 3965 3968 3961
f 472 436 400
f 602 631 612
f 1148 850 1124
f 1189 1211 1198
f 279 254 249
f 734 801 735
f 3913 3909 3914
f 2734 2764 2710
f 2767 2697 2766
f 2558 2606 2573
f 1539 1658 1568
f 202 185 198
f 564 568 551
f 3817 3825 3829
f 2890 2852 2810
f 3711 3730 3721
f 362 369 357
f 568 603 557
f 3002 3020 3035
f 2247 2259 2257
f 855 962 983
f 3811 3801 3804
f 823 827 786
f 533 508 498
f 1805 1786 1765
f 1680 1696 1698
f 1901 1900 1913
f 2860 2908 2905
f 3644 3634 3650
f 1709 1608 1679
f 3946 3952 3957
f 2952 3052 3091
f 3882 3886 3881
f 1902 1850 1837
f 3062 3110 3114
f 3126 3123 3147
f 1366 1185 1344
f 3236 3251 3262
f 1948 1942 2091
f 2040 2005 2033
f 1370 1368 1348
f 369 362 397
f 270 267 251
f 884 854 941
f 3121 3095 2873
f 1155 1163 1105
f 938 876 918
f 1224 1236 1254
f 1845 1874 1824
f 355 363 387
f 2153 2094 2132
f 1466 1447 1487
f 3414 3441 3387
f 3788 3789 3800
f 1951 1952 1973
f 2019 1941 1851
f 2862 2832 2919
f 1865 1939 1875
f 3256 3279 3229
f 862 881 806
f 480 477 450
f 3925 3917 3912
f 638 642 623
f 1584 1551 1503
f 2686 2634 2589
f 1361 1349 1331
f 432 447 495
f 1816 1804 1873
f 706 693 725
f 2308 2279 2319
f 3891 3889 3898
f 3746 3741 3747
f 2522 2516 2527
f 804 827 873
f 872 883 948
f 3852 3851 3860
f 1068 1078 1206
f 551 550 555
f 2723 2753 2716
f 2123 2124 1992
f 3407 3427 3342
f 1988 1993 1991
f 1596 1600 1630
f 236 238 246
f 3302 3228 3248
f 3560 3574 3483
f 2549 2568 2533
f 2748 2899 2840
f 3738 3761 3693
f 1872 1864 1890
f 426 403 395
f 3704 3712 3749
f 1345 1337 1312
f 2880 2877 2925
f 3955 3961 3963
f 314 313 347
f 813 751 788
f 3083 3105 3076
f 3197 3188 3200
f 3434 3437 3423
f 218 228 219
f 3551 3538 3540
f 2676 2681 2691
f 3965 3961 3956
f 495 478 538
f 3129 3174 3142
f 3077 3082 3034
f 2950 3006 3021
f 3623 3613 3575
f 3967 3965 3956
f 2301 2327 2310
f 783 779 753
f 398 406 427
f 3868 3875 3855
f 3557 3572 3541
f 2851 2856 2803
f 1808 1817 1838
f 549 557 603
f 1083 1128 906
f 1569 1542 1508
f 2967 2906 3111
f 3003 2962 2970
f 3291 3275 3306
f 134 131 151
f 3379 3295 3297
f 1006 1041 945
f 367 350 377
f 170 162 178
f 3465 3519 3459
f 2949 2911 2865
f 2997 2963 2973
f 2320 2357 2286
f 541 515 537
f 3905 3911 3910
f 2698 2738 2804
f 310 323 324
f 2764 2810 2710
f 380 345 358
f 203 207 194
f 1743 1813 1793
f 3142 3109 3099
f 2835 2867 2819
f 185 146 175
f 2167 2138 2217
f 2687 2712 2625
f 572 536 560
f 72 65 76
f 1275 1250 1308
f 1941 1822 1851
f 507 539 560
f 3061 3094 3071
f 2 6 11
f 3312 3281 3121
f 3953 3967 3956
f 2258 2290 2259
f 3302 3366 3317
f 623 641 616
f 2159 2209 2059
f 3755 3752 3760
f 3083 3028 3054
f 3372 3351 3356
f 2808 2806 2787
f 1933 1898 1957
f 996 967 877
f 3304 3300 3292
f 3251 3239 3262
f 3547 3528 3531
f 2450 2595 2598
f 2315 2322 2305
f 55 64 48
f 3713 3729 3686
f 186 195 180
f 3502 3514 3469
f 1671 1664 1628
f 1322 1320 1284
f 3382 3386 3415
f 971 1010 905
f 1646 1523 1633
f 121 116 110
f 3253 3266 3261
f 1196 1069 1082
f 3824 3837 3828
f 242 248 245
f 2964 3029 3224
f 3115 3240 3111
f 2928 2912 2945
f 743 1084 777
f 1950 1966 1931
f 1367 1316 1406
f 756 751 813
f 55 48 51
f 3032 3041 3025
f 3587 3548 3488
f 79 84 71
f 1616 1617 1625
f 2223 2117 2232
f 822 966 663
f 708 690 660
f 2934 2895 2958
f 3631 3620 3691
f 2284 2212 2286
f 1334 1207 1378
f 2574 2425 2552
f 413 443 429
f 896 838 867
f 637 666 705
f 2121 2152 2034
f 3231 3008 3012
f 1306 1343 1180
f 301 270 263
f 1255 1248 1129
f 1637 1651 1569
f 2047 2120 1984
f 2474 2485 2449
f 3113 3130 3079
f 2581 2556 2506
f 3406 3394 3410
f 846 869 852
f 2921 2888 2940
f 811 821 790
f 2105 2093 2092
f 1628 1604 1590
f 128 129 121
f 3759 3771 3777
f 830 765 772
f 3808 3809 3799
f 2230 2165 2200
f 2210 2133 2188
f 3948 3950 3943
f 732 731 707
f 1884 2002 2068
f 54 42 40
f 573 562 599
f 607 609 586
f 3060 3116 3096
f 1470 1491 1326
f 2710 2561 2654
f 813 942 835
f 3235 3237 3246
f 3957 3970 3967
f 3127 2976 3044
f 3479 3440 3425
f 1070 949 1093
f 504 484 458
f 1798 1808 1826
f 3030 3042 3100
f 959 913 1054
f 1100 1126 1145
f 1143 1049 1217
f 2348 2520 2463
f 3810 3829 3797
f 3371 3359 3340
f 460 492 481
f 3306 3327 3321
f 1301 1336 1314
f 1248 1472 1347
f 2075 2098 2092
f 729 745 721
f 844 899 1009
f 1910 1939 1953
f 3159 3178 3191
f 388 396 365
f 2509 2607 2698
f 3139 3163 3143
f 774 749 794
f 2752 2688 2704
f 286 298 304
f 2843 2824 2846
f 416 420 384
f 2926 2864 2923
f 84 81 68
f 349 352 339
f 3297 3226 3307
f 3692 3709 3726
f 1595 1613 1588
f 2329 2327 2354
f 532 546 454
f 119 113 123
f 3898 3902 3894
f 581 572 620
f 3322 3323 3274
f 1531 1533 1564
f 3642 3567 3672
f 1370 1422 1368
f 3671 3670 3661
f 3228 3256 3184
f 1027 1072 1011
f 224 250 229
f 939 888 1017
f 1602 1504 1472
f 3963 3951 3947
f 3909 3907 3914
f 795 810 734
f 42 41 33
f 1620 1626 1650
f 843 875 898
f 3021 3045 3020
f 2823 2821 2879
f 2199 2148 2149
f 2240 2250 2279
f 967 1025 813
f 1648 1658 1734
f 3842 3851 3838
f 1922 1916 1940
f 1647 1649 1603
f 603 692 556
f 1805 1820 1787
f 2901 2896 2948
f 3046 3056 3068
f 3129 3213 3174
f 2237 2226 2276
f 744 718 730
f 1440 1255 1293
f 1608 1575 1679
f 3145 3105 3096
f 1525 1619 1547
f 3182 3127 3297
f 1252 1269 1228
f 1431 1394 1369
f 3305 3345 3313
f 1566 1608 1652
f 3539 3556 3631
f 1756 1775 1790
f 2902 2878 2820
f 3443 3469 3458
f 1639 1715 1645
f 723 691 709
f 3954 3950 3958
f 2795 2779 2789
f 1149 1109 1233
f 3942 3943 3954
f 2361 2413 2357
f 2572 2469 2624
f 1400 1454 1412
f 149 138 156
f 2125 2072 2154
f 559 565 551
f 151 131 150
f 896 996 877
f 3318 3338 3319
f 3002 2988 2881
f 3031 2992 3019
f 507 443 440
f 1543 1459 1545
f 3305 3287 3276
f 3949 3945 3953
f 1694 1701 1691
f 3434 3435 3460
f 2867 2907 2853
f 1811 1828 1814
f 54 52 42
f 224 214 234
f 291 311 307
f 3609 3577 3645
f 2405 2422 2403
f 2967 3111 3242
f 2786 2788 2812
f 1600 1567 1599
f 1460 1419 1365
f 2075 2066 2052
f 505 497 528
f 3534 3478 3544
f 134 126 124
f 3030 2914 3042
f 73 76 65
f 2010 2054 2029
f 86 88 98
f 3895 3897 3881
f 3434 3476 3448
f 499 446 500
f 2876 2868 2837
f 1570 1611 1586
f 2693 2575 2733
f 1297 1257 1154
f 966 1136 1221
f 2170 2190 2168
f 3563 3580 3615
f 2976 3127 3182
f 3234 3213 3133
f 3267 3291 3288
f 3518 3521 3463
f 2555 2600 2664
f 2000 2015 1964
f 2018 2012 1999
f 3432 3451 3473
f 2681 2720 2756
f 2274 2292 2253
f 2408 2446 2428
f 2298 2320 2276
f 1857 1856 1826
f 1093 974 1134
f 87 92 97
f 1283 1278 1264
f 3908 3902 3909
f 1954 1949 1940
f 2010 2025 2011
f 51 47 56
f 1123 1188 1135
f 3620 3631 3556
f 664 708 660
f 1895 1768 1894
f 3957 3967 3953
f 314 312 279
f 2543 2562 2672
f 3696 3675 3708
f 2098 2105 2092
f 1510 1477 1438
f 1058 1022 968
f 2681 2756 2730
f 1589 1525 1488
f 3786 3763 3785
f 1551 1585 1550
f 2771 2757 2779
f 1546 1567 1521
f 3524 3538 3551
f 2215 2273 2169
f 2449 2456 2452
f 1608 1499 1575
f 563 553 578
f 2890 2891 2852
f 548 570 545
f 1613 1655 1632
f 3952 3942 3954
f 2109 2118 2095
f 3783 3780 3794
f 734 810 801
f 3127 3150 3226
f 2386 2445 2467
f 360 363 355
f 554 572 581
f 3321 3341 3325
f 2279 2280 2319
f 660 690 634
f 308 326 287
f 3859 3869 3847
f 360 359 375
f 786 768 761
f 3962 3959 3969
f 1401 1413 1445
f 2894 2964 3093
f 3583 3537 3604
f 1958 1947 1915
f 1351 1475 1202
f 3242 3342 3196
f 2300 2289 2312
f 2599 2576 2628
f 2950 3020 3002
f 2459 2442 2457
f 3494 3537 3461
f 8 15 35
f 546 562 485
f 2216 2263 2278
f 1740 1749 1735
f 2044 1994 2013
f 1923 1917 1947
f 2874 2926 2980
f 1243 1245 1218
f 603 556 549
f 1622 1618 1623
f 2027 1999 2016
f 3338 3360 3352
f 1421 1475 1351
f 3925 3942 3939
f 3532 3501 3549
f 1205 1307 1304
f 1216 1271 1237
f 3018 2990 3060
f 216 211 220
f 3329 3338 3318
f 3149 3198 3168
f 1767 1801 1769
f 3794 3791 3783
f 1566 1499 1608
f 3481 3505 3546
f 3247 3190 3278
f 437 420 454
f 671 694 741
f 2598 2468 2450
f 3933 3925 3921
f 1436 1484 1426
f 1657 1620 1650
f 3047 3045 3021
f 3711 3694 3730
f 2121 2034 2031
f 1816 1736 1804
f 3832 3821 3818
f 2839 2775 2780
f 1106 1157 1197
f 3011 2994 2925
f 3477 3446 3506
f 3035 3053 3087
f 2081 2112 2111
f 1713 1705 1761
f 2389 2368 2391
f 1778 1785 1748
f 3209 3227 3241
f 796 769 946
f 1834 1801 1830
f 3702 3723 3724
f 3686 3705 3680
f 3727 3743 3734
f 57 34 65
f 766 773 749
f 1852 1866 1867
f 3004 3006 2897
f 1311 1289 1275
f 3846 3836 3832
f 1858 1840 1825
f 2226 2269 2276
f 2031 1980 2022
f 2484 2479 2440
f 1481 1503 1551
f 478 495 447
f 1380 1381 1382
f 3163 3154 3143
f 2685 2692 2584
f 3966 3969 3960
f 3364 3320 3264
f 3930 3939 3929
f 3959 3960 3969
f 2037 2048 1895
f 2129 2231 2047
f 3957 3953 3945
f 2662 2670 2610
f 2191 2252 2196
f 1438 1469 1406
f 1817 1788 1821
f 3213 3129 3075
f 1580 1598 1554
f 3183 3209 3216
f 3772 3796 3775
f 3245 3267 3288
f 2139 2170 2074
f 1414 1440 1293
f 2086 2077 2023
f 3962 3958 3959
f 371 348 353
f 3133 3213 3075
f 2953 2998 2949
f 1940 1916 1952
f 2298 2278 2316
f 1088 1120 1161
f 2328 2207 2307
f 2653 2671 2651
f 2834 2874 2980
f 2359 2370 2491
f 3450 3447 3442
f 520 476 510
f 3508 3493 3542
f 2909 2924 2883
f 3738 3689 3724
f 281 284 275
f 301 313 270
f 2302 2282 2359
f 1956 1911 1844
f 164 159 173
f 3713 3731 3729
f 2015 2016 1964
f 1192 1172 1131
f 1287 1331 1276
f 1597 1617 1616
f 1544 1555 1590
f 55 51 46
f 1252 1292 1319
f 3875 3882 3881
f 2473 2587 2399
f 1890 1893 1876
f 2882 2913 3026
f 1482 1449 1392
f 1531 1517 1522
f 1924 2009 2008
f 938 927 887
f 1287 1285 1327
f 677 618 710
f 2827 2848 2785
f 506 442 490
f 2324 2336 2293
f 2891 2912 2851
f 3572 3560 3541
f 1632 1665 1621
f 2430 2475 2391
f 913 905 1010
f 868 674 935
f 1415 1362 1411
f 2661 2621 2513
f 1572 1453 1480
f 3235 3236 3203
f 1461 1557 1506
f 2486 2402 2555
f 2593 2592 2553
f 1477 1513 1469
f 3681 3668 3696
f 734 735 700
f 297 276 294
f 2458 2465 2498
f 3495 3511 3468
f 615 561 566
f 3286 3260 3314
f 3532 3549 3557
f 2443 2419 2465
f 3763 3770 3785
f 1335 1365 1314
f 3110 3158 3114
f 782 772 758
f 3396 3379 3431
f 1430 1471 1507
f 2739 2797 2726
f 2882 2733 2913
f 978 1046 980
f 3524 3563 3526
f 1876 1893 1859
f 3148 3151 3145
f 3439 3400 3369
f 843 878 861
f 2927 2935 2907
f 1775 1772 1798
f 3053 3085 3087
f 3960 3951 3966
f 1295 1289 1342
f 3507 3530 3585
f 2831 3089 2886
f 3906 3911 3905
f 2949 2924 2953
f 1956 1990 1911
f 2207 2222 2307
f 582 544 573
f 1339 1271 1216
f 708 664 702
f 2058 2051 2063
f 3758 3772 3749
f 1046 1060 980
f 3962 3964 3954
f 3063 3170 3146
f 110 100 113
f 3954 3958 3962
f 2468 2335 2323
f 2044 2087 2088
f 1376 1426 1403
f 1000 1120 1088
f 3270 3264 3320
f 3495 3507 3561
f 3360 3368 3352
f 3770 3760 3777
f 3037 3049 3078
f 2918 2804 2850
f 3704 3652 3712
f 3207 3249 3210
f 720 775 699
f 1736 1647 1714
f 1321 1338 1392
f 3628 3635 3648
f 3138 3185 3144
f 621 596 611
f 297 294 306
f 1899 2056 1894
f 272 275 293
f 3395 3467 3439
f 3088 2999 3000
f 1063 1036 1003
f 152 146 185
f 3753 3750 3755
f 2284 2399 2340
f 3514 3502 3531
f 2288 2271 2314
f 3617 3642 3643
f 2913 2740 2894
f 1313 1321 1283
f 3924 3933 3920
f 209 219 213
f 303 304 298
f 2080 2022 2078
f 1748 1740 1722
f 275 284 296
f 3279 3256 3328
f 2819 2794 2782
f 1301 1265 1232
f 278 287 326
f 1815 1851 1755
f 2578 2566 2451
f 3964 3957 3952
f 1266 1298 1239
f 3954 3964 3952
f 1722 1740 1716
f 308 287 269
f 1709 1652 1608
f 1218 1170 1230
f 1688 1694 1664
f 3412 3517 3522
f 1712 1733 1792
f 1308 1258 1271
f 1939 1865 1932
f 1145 1147 1173
f 2656 2660 2675
f 333 336 322
f 2763 2692 2791
f 3323 3343 3337
f 3514 3553 3562
f 3266 3298 3293
f 3719 3734 3722
f 2559 2531 2533
f 2252 2239 2196
f 3628 3639 3586
f 3065 2988 3002
f 1546 1495 1496
f 80 76 73
f 982 1005 1181
f 3145 3151 3137
f 3562 3587 3488
f 1795 1809 1766
f 3298 3247 3278
f 1260 1237 1280
f 1442 1415 1462
f 75 82 85
f 2958 2984 2997
f 853 834 837
f 1590 1598 1631
f 1476 1407 1514
f 1942 1877 2028
f 1918 1891 1994
f 3040 3054 3028
f 2447 2359 2491
f 3938 3935 3951
f 1327 1329 1359
f 2827 2785 2721
f 1198 1211 1188
f 2374 2391 2354
f 2980 2926 3072
f 2981 2995 3079
f 1820 1876 1859
f 645 646 655
f 1709 1679 1762
f 339 332 317
f 1040 990 926
f 838 833 864
f 1151 1165 1160
f 1943 2026 1902
f 2664 2759 2778
f 2471 2493 2462
f 1801 1796 1830
f 1609 1610 1583
f 633 637 685
f 368 412 404
f 873 847 954
f 2585 2618 2576
f 400 385 376
f 622 632 639
f 3682 3667 3692
f 420 405 386
f 1752 1841 1773
f 3552 3529 3490
f 1367 1348 1307
f 3901 3906 3899
f 194 199 186
f 3396 3431 3480
f 1531 1522 1533
f 1665 1666 1635
f 3660 3700 3662
f 2446 2436 2456
f 443 469 429
f 646 636 612
f 1291 1369 1302
f 803 780 790
f 3103 3132 3092
f 671 599 656
f 3654 3689 3639
f 909 882 929
f 668 652 641
f 3115 3111 2906
f 3223 3200 3205
f 1032 1048 1097
f 2770 2798 2787
f 2458 2429 2464
f 541 528 515
f 1702 1724 1753
f 738 721 742
f 2689 2624 2832
f 1223 1242 1323
f 3380 3426 3344
f 2256 2259 2274
f 836 872 894
f 3476 3474 3448
f 2796 2754 2769
f 1870 1885 1919
f 1718 1793 1746
f 2518 2349 2343
f 551 568 557
f 2705 2825 2672
f 1040 926 1002
f 291 283 305
f 3007 3031 3056
f 1184 1228 1212
f 486 435 354
f 3039 3034 3082
f 1431 1396 1483
f 3214 3195 3217
f 950 805 879
f 952 975 960
f 407 402 429
f 1381 1342 1424
f 1029 976 1059
f 2268 2240 2279
f 2359 2447 2372
f 570 591 588
f 3238 3189 3284
f 1850 1879 1845
f 1643 1670 1644
f 3958 3950 3959
f 2503 2453 2424
f 1434 1409 1345
f 2249 2220 2271
f 2563 2717 2742
f 2022 2008 2078
f 2086 2130 2077
f 1969 1978 1999
f 1464 1457 1465
f 256 250 269
f 2869 2895 2934
f 1040 1076 990
f 3567 3642 3517
f 689 850 662
f 209 210 218
f 2671 2676 2651
f 814 829 778
f 3919 3916 3923
f 3152 3139 3143
f 261 266 257
f 2644 2611 2637
f 728 726 719
f 265 257 266
f 1762 1836 1757
f 3269 3268 3289
f 1451 1504 1436
f 2963 2954 2902
f 422 442 456
f 1903 1851 1815
f 3430 3416 3437
f 909 929 1029
f 1465 1457 1452
f 2534 2558 2507
f 250 224 253
f 1465 1450 1454
f 1356 1382 1410
f 718 744 708
f 1172 1182 1236
f 765 723 772
f 2420 2409 2497
f 2356 2337 2371
f 2175 2048 2037
f 1319 1322 1269
f 1770 1740 1785
f 1978 1964 2016
f 1196 1205 1270
f 2092 2093 2064
f 34 28 50
f 677 607 618
f 1520 1522 1535
f 2386 2388 2445
f 3288 3263 3241
f 614 565 584
f 1107 1029 1108
f 523 561 547
f 2501 2542 2475
f 3349 3351 3345
f 1979 1956 1870
f 463 419 464
f 2202 2247 2218
f 168 164 174
f 1697 1699 1727
f 3925 3939 3926
f 1938 2100 2046
f 1111 1125 1195
f 3869 3866 3847
f 1396 1431 1369
f 265 259 257
f 1415 1442 1385
f 3479 3497 3440
f 3542 3569 3508
f 1117 1158 1086
f 3798 3781 3766
f 879 805 825
f 3314 3308 3286
f 2220 2213 2197
f 533 526 541
f 559 555 567
f 259 255 257
f 2159 2059 1987
f 1640 1710 1743
f 3947 3944 3949
f 475 463 525
f 1552 1578 1485
f 2409 2396 2375
f 158 161 145
f 259 258 255
f 3359 3342 3242
f 1702 1651 1637
f 1798 1833 1775
f 1467 1489 1538
f 3631 3627 3599
f 1695 1704 1683
f 954 1070 1035
f 3243 3215 3258
f 1010 1047 1081
f 2039 2025 2010
f 3791 3802 3785
f 571 560 539
f 372 428 358
f 3919 3923 3924
f 237 226 215
f 847 873 823
f 1845 1828 1811
f 1544 1530 1482
f 1057 1022 1058
f 33 19 16
f 7 24 10
f 2769 2752 2826
f 3343 3363 3337
f 2987 2977 3016
f 1359 1361 1353
f 471 501 470
f 382 373 394
f 2421 2477 2332
f 1736 1649 1647
f 3225 3280 3337
f 739 737 750
f 250 256 229
f 3071 3047 3061
f 576 743 592
f 863 886 831
f 2840 2983 2758
f 346 348 371
f 850 871 1124
f 261 257 255
f 255 264 261
f 999 931 1035
f 1209 1194 1186
f 3728 3743 3739
f 3429 3426 3478
f 372 331 367
f 1840 1848 1805
f 1956 1979 1998
f 3063 3026 2913
f 194 186 179
f 2195 2251 2311
f 1818 1751 1737
f 2807 2887 2877
f 2861 2885 2802
f 3948 3951 3960
f 62 58 67
f 1300 1136 1101
f 504 491 534
f 677 769 670
f 335 347 351
f 3438 3499 3435
f 1934 1951 1973
f 1461 1354 1303
f 3264 3093 3199
f 786 804 768
f 419 403 430
f 1025 1063 1044
f 1251 1345 1288
f 3546 3505 3558
f 2733 2882 2693
f 1179 1182 1178
f 3088 3190 3222
f 853 916 1001
f 2895 2828 2889
f 2004 2018 2027
f 3912 3917 3911
f 193 197 201
f 1027 1012 1042
f 1059 1052 1102
f 3725 3735 3707
f 3847 3845 3834
f 140 129 137
f 3803 3793 3786
f 1831 1826 1825
f 1106 1089 1157
f 448 418 379
f 1721 1737 1633
f 139 137 128
f 1803 1805 1770
f 352 405 377
f 3620 3556 3503
f 1084 1005 777
f 3510 3527 3486
f 206 211 208
f 1886 1813 1963
f 3906 3901 3912
f 2800 2774 2829
f 1331 1290 1276
f 3944 3947 3936
f 3096 3116 3148
f 584 575 585
f 258 259 273
f 619 697 597
f 2524 2478 2517
f 1825 1846 1858
f 3054 3096 3083
f 2631 2679 2616
f 3162 3197 3212
f 1444 1467 1402
f 943 934 963
f 1202 1306 1180
f 1221 1326 1171
f 2065 2058 2083
f 2152 2177 2226
f 335 339 320
f 1243 1291 1245
f 3276 3290 3269
f 1305 1302 1356
f 770 754 835
f 255 272 264
f 1985 1908 2046
f 1207 1299 1238
f 3188 3164 3200
f 904 932 880
f 2985 3053 3035
f 255 268 272
f 3101 2983 3108
f 120 132 131
f 410 382 422
f 1458 1469 1498
f 2882 2832 2693
f 1510 1526 1513
f 258 268 255
f 2347 2336 2324
f 2698 2838 2842
f 697 841 822
f 59 66 63
f 973 908 891
f 3679 3683 3665
f 3417 3433 3367
f 3916 3919 3914
f 1072 1042 1143
f 3736 3744 3725
f 1621 1665 1635
f 2632 2573 2606
f 1514 1482 1530
f 3830 3827 3807
f 3642 3617 3582
f 3288 3335 3358
f 965 972 1052
f 2497 2409 2432
f 1404 1444 1402
f 1515 1489 1466
f 3406 3410 3483
f 1430 1427 1471
f 1538 1615 1565
f 1131 1129 1248
f 3130 3113 3187
f 3078 3050 3081
f 991 1060 1092
f 210 204 200
f 2758 2875 2633
f 2707 2849 2881
f 3231 3295 3396
f 1670 1656 1653
f 2818 2884 2796
f 2799 2715 2786
f 1557 1579 1506
f 2929 2934 2973
f 3872 3868 3857
f 1647 1603 1561
f 13 12 34
f 3001 3003 2965
f 3515 3527 3555
f 1343 1485 1303
f 1701 1704 1700
f 3198 3230 3218
f 953 1045 972
f 2316 2302 2345
f 510 499 527
f 1347 1390 1301
f 1407 1373 1298
f 1642 1661 1558
f 3394 3402 3391
f 3714 3701 3717
f 3494 3449 3498
f 3383 3414 3387
f 3153 3193 3156
f 201 197 205
f 693 696 676
f 3054 3060 3096
f 3798 3766 3797
f 2703 2707 2578
f 2255 2243 2219
f 705 733 818
f 554 566 523
f 2861 2917 2885
f 265 266 288
f 2483 2431 2533
f 2047 2231 2120
f 3122 3155 3180
f 997 950 937
f 2961 2944 3010
f 3439 3541 3483
f 359 357 368
f 708 702 718
f 624 601 625
f 1208 1202 1066
f 48 64 50
f 266 261 282
f 959 1054 1002
f 3742 3762 3745
f 3178 3131 3122
f 3219 3202 3173
f 1517 1507 1519
f 3109 3136 3080
f 3691 3693 3761
f 3421 3392 3411
f 526 505 528
f 1236 1227 1281
f 3184 3166 3192
f 48 31 47
f 3243 3304 3240
f 2167 2217 2216
f 112 117 111
f 2469 2525 2624
f 368 375 359
f 2873 2854 2684
f 3881 3886 3895
f 1249 1291 1243
f 2825 2861 2802
f 2231 2265 2120
f 2550 2717 2563
f 2099 2144 2156
f 2879 2916 2909
f 2097 2106 2102
f 1149 1215 1097
f 282 295 266
f 636 647 632
f 1692 1695 1666
f 1927 1883 1872
f 1067 1111 1064
f 1153 1009 1207
f 1861 1899 1800
f 1535 1527 1529
f 1189 1164 1200
f 251 267 262
f 307 315 299
f 3897 3889 3881
f 3133 3203 3244
f 3178 3180 3204
f 3794 3805 3791
f 2836 2812 2822
f 2160 2166 2119
f 1081 1112 1191
f 1708 1714 1634
f 288 266 295
f 956 1023 916
f 2918 2850 2955
f 1316 1233 1220
f 1871 1843 1891
f 1111 1067 1125
f 481 492 511
f 1385 1456 1358
f 2558 2573 2539
f 1743 1781 1853
f 2134 2196 2131
f 862 784 926
f 2587 2703 2578
f 553 513 558
f 2710 2820 2694
f 1609 1573 1618
f 3669 3648 3659
f 2417 2384 2379
f 504 531 484
f 1578 1548 1485
f 217 216 222
f 3385 3446 3451
f 2642 2631 2593
f 3684 3704 3748
f 2206 2238 2190
f 3713 3686 3683
f 2901 2855 2839
f 973 1019 1069
f 3357 3328 3317
f 2608 2626 2602
f 1723 1752 1661
f 3360 3339 3350
f 1663 1637 1636
f 3897 3898 3889
f 3913 3912 3908
f 3483 3438 3406
f 2006 2032 2023
f 3707 3735 3709
f 1157 1110 1170
f 1827 1833 1798
f 1960 1896 1965
f 873 931 999
f 3248 3192 3232
f 1700 1687 1674
f 7 5 17
f 326 372 358
f 567 589 575
f 918 960 975
f 9 15 3
f 279 289 254
f 1822 1754 1851
f 1791 1847 1884
f 3180 3155 3204
f 593 629 591
f 2636 2668 2725
f 3346 3393 3399
f 3805 3806 3816
f 3947 3951 3935
f 242 232 240
f 3865 3854 3861
f 909 957 895
f 3148 3116 3120
f 295 282 292
f 303 298 288
f 3650 3658 3644
f 2989 2959 2937
f 2998 3097 2949
f 2518 2398 2349
f 2859 2809 2808
f 1305 1345 1251
f 2023 2033 2003
f 3139 3112 3165
f 288 295 303
f 2700 2666 2721
f 1315 1253 1286
f 1559 1556 1530
f 1163 1117 1105
f 1802 1877 1942
f 3405 3402 3430
f 3118 3098 3082
f 621 638 605
f 1413 1391 1417
f 3307 3268 3334
f 2914 2862 3005
f 2134 2089 2127
f 1588 1594 1556
f 302 295 292
f 3235 3251 3236
f 1745 1747 1767
f 3733 3727 3705
f 3328 3322 3279
f 2222 2209 2335
f 1301 1314 1265
f 807 796 958
f 496 482 517
f 768 804 793
f 1932 1935 1964
f 3801 3806 3792
f 2730 2809 2745
f 3853 3850 3855
f 1779 1744 1702
f 1527 1535 1522
f 3445 3535 3550
f 323 326 345
f 2816 2732 2736
f 1263 1384 1206
f 3697 3663 3662
f 2292 2289 2270
f 1191 1112 1190
f 224 220 211
f 1645 1557 1639
f 2781 2787 2807
f 2336 2347 2369
f 114 106 103
f 2729 2735 2687
f 234 241 285
f 1773 1800 1729
f 714 704 701
f 953 972 878
f 1925 1931 1907
f 2337 2319 2362
f 3124 3151 3152
f 3171 3198 3149
f 3488 3455 3466
f 3391 3402 3405
f 849 875 843
f 522 492 468
f 3545 3515 3555
f 848 767 805
f 1696 1680 1670
f 2081 2111 2070
f 3435 3423 3413
f 2878 2903 2844
f 3803 3785 3802
f 2112 2040 2101
f 1533 1541 1564
f 1487 1551 1515
f 3385 3386 3335
f 1621 1592 1614
f 355 362 357
f 3447 3464 3515
f 422 447 410
f 265 277 259
f 4 12 13
f 1892 1903 1815
f 2097 2102 2109
f 1269 1252 1319
f 3631 3599 3539
f 486 354 461
f 277 273 259
f 2337 2308 2319
f 2805 2777 2858
f 3796 3823 3808
f 2280 2279 2250
f 2425 2343 2304
f 802 776 812
f 3033 3068 3019
f 808 793 819
f 1725 1728 1735
f 874 797 809
f 465 556 453
f 1974 1982 1986
f 1057 1058 1114
f 264 282 261
f 3186 3171 3097
f 2568 2594 2533
f 2275 2175 2180
f 1974 1986 1954
f 187 173 177
f 974 1093 949
f 688 675 713
f 3367 3324 3370
f 264 272 280
f 1435 1388 1523
f 2371 2362 2416
f 3836 3858 3843
f 781 791 836
f 3686 3665 3683
f 2434 2372 2461
f 515 528 497
f 2096 2142 2114
f 3225 3187 3218
f 3956 3955 3949
f 561 574 547
f 857 828 900
f 3795 3807 3784
f 2442 2460 2423
f 2540 2523 2511
f 1029 1107 1014
f 16 14 30
f 1814 1828 1870
f 1200 1138 1201
f 1221 1300 1428
f 209 213 201
f 74 80 73
f 1690 1736 1717
f 282 264 292
f 264 280 292
f 1279 1256 1312
f 1248 1347 1247
f 3841 3856 3873
f 3141 3153 3156
f 1324 1099 1346
f 2922 2925 2994
f 2235 2214 2124
f 2361 2372 2434
f 3132 3157 3100
f 94 99 102
f 382 394 399
f 745 796 807
f 2153 2109 2094
f 1304 1307 1348
f 3902 3903 3909
f 2516 2498 2465
f 595 724 657
f 761 768 763
f 2226 2177 2192
f 2172 2153 2132
f 876 912 901
f 2753 2790 2801
f 2426 2404 2373
f 585 608 583
f 2523 2482 2497
f 2176 2136 2113
f 2731 2759 2709
f 815 799 897
f 292 280 290
f 2777 2747 2801
f 590 618 607
f 850 764 662
f 1986 1991 1993
f 2762 2726 2797
f 300 294 278
f 272 293 280
f 1114 1274 1183
f 1144 1187 1075
f 1445 1425 1401
f 3851 3870 3860
f 1743 1710 1781
f 2328 2412 2525
f 155 163 162
f 442 446 490
f 649 648 611
f 2817 2789 2760
f 1397 1420 1389
f 3007 2992 3031
f 3595 3578 3552
f 3754 3756 3771
f 885 916 821
f 277 265 288
f 1106 1125 1067
f 1334 1362 1310
f 2460 2459 2492
f 779 762 753
f 472 414 476
f 3259 3238 3299
f 1822 1774 1731
f 2508 2505 2364
f 3706 3676 3653
f 2546 2486 2605
f 3797 3822 3798
f 2601 2547 2551
f 3282 3315 3278
f 2712 2687 2735
f 334 344 341
f 2157 2130 2086
f 273 277 283
f 1718 1659 1743
f 673 668 682
f 1990 1956 2042
f 1864 1842 1878
f 1930 1889 1904
f 286 283 277
f 2831 2696 2647
f 1459 1460 1545
f 1068 1206 1104
f 3081 3023 3070
f 2802 2818 2765
f 978 955 945
f 2139 2088 2143
f 3720 3714 3717
f 1844 1785 1814
f 1936 1934 1962
f 3106 3084 3086
f 856 887 831
f 1229 1193 1194
f 262 237 231
f 3267 3275 3291
f 225 227 243
f 2637 2611 2660
f 741 800 855
f 3020 3038 3035
f 1877 2071 2028
f 1001 1018 970
f 1332 1338 1313
f 692 865 988
f 3331 3361 3273
f 298 277 288
f 2594 2559 2533
f 3771 3759 3754
f 3169 3164 3188
f 69 73 66
f 1515 1550 1571
f 3443 3458 3436
f 3492 3474 3516
f 886 893 952
f 1009 1028 1207
f 3829 3870 3842
f 3009 2840 2899
f 1015 1008 1012
f 3652 3624 3649
f 361 354 330
f 747 727 696
f 51 54 46
f 1647 1634 1714
f 2202 2211 2258
f 532 580 546
f 417 398 441
f 3075 3129 3041
f 1056 1038 930
f 2264 2323 2234
f 620 664 615
f 3931 3945 3936
f 3648 3635 3643
f 188 192 184
f 2299 2258 2261
f 194 196 203
f 3211 3206 3233
f 2689 2832 2862
f 547 552 535
f 1396 1369 1291
f 3454 3441 3414
f 2341 2264 2295
f 2020 2084 2131
f 1209 1211 1200
f 2581 2669 2620
f 214 201 213
f 280 286 290
f 782 830 772
f 299 309 296
f 3573 3500 3460
f 3419 3393 3463
f 1080 1036 1074
f 2112 2101 2158
f 3496 3461 3537
f 33 30 42
f 445 411 475
f 3310 3301 3383
f 3174 3250 3160
f 426 430 403
f 3089 3196 3312
f 3570 3566 3492
f 1668 1605 1729
f 1114 1223 1274
f 2017 2057 2050
f 1279 1312 1337
f 915 904 866
f 924 955 991
f 1890 1876 1927
f 189 183 178
f 2140 2198 2019
f 1890 1878 1893
f 2330 2331 2411
f 277 298 286
f 1372 1423 1432
f 2134 2084 2073
f 3683 3679 3703
f 1119 1167 1175
f 1460 1432 1497
f 21 10 24
f 3567 3396 3480
f 1263 1168 1121
f 628 601 624
f 2714 2713 2701
f 2030 2056 1899
f 3386 3382 3358
f 1113 1061 1193
f 2458 2514 2435
f 344 343 342
f 3214 3217 3223
f 1280 1298 1373
f 3778 3764 3774
f 1033 1066 1015
f 2773 2818 2796
f 3939 3941 3931
f 3113 3100 3157
f 1469 1438 1477
f 2863 2891 2845
f 1916 1917 1923
f 3830 3873 3827
f 972 957 933
f 980 1060 955
f 333 325 341
f 177 173 166
f 1450 1412 1454
f 2134 2127 2174
f 1732 1720 1742
f 2731 2709 2680
f 3907 3916 3914
f 1542 1475 1421
f 1037 1039 956
f 2358 2326 2314
f 1728 1725 1711
f 579 583 586
f 1742 1741 1750
f 2625 2654 2561
f 2870 2888 2817
f 1909 1912 1920
f 1557 1645 1579
f 2752 2771 2853
f 1192 1178 1172
f 1201 1194 1209
f 2548 2524 2567
f 348 324 345
f 3752 3754 3759
f 2103 2097 2113
f 1205 1196 1082
f 2643 2683 2704
f 1202 1180 1050
f 1042 1049 1143
f 996 1053 1100
f 998 1049 1008
f 3594 3585 3634
f 1765 1786 1780
f 3553 3575 3613
f 240 236 246
f 286 304 290
f 1860 1948 1996
f 2351 2291 2402
f 1069 1138 1053
f 3514 3466 3458
f 2527 2530 2538
f 925 897 994
f 2457 2442 2478
f 3210 3226 3167
f 1859 1865 1821
f 3597 3600 3595
f 2671 2635 2676
f 2484 2499 2479
f 2209 2222 2071
f 3446 3398 3445
f 47 32 41
f 3863 3873 3876
f 1733 1689 1732
f 526 533 498
f 3893 3896 3888
f 364 461 361
f 605 623 616
f 701 716 722
f 3001 2965 2951
f 552 548 535
f 1870 1956 1844
f 3173 3128 3130
f 2444 2448 2464
f 3507 3495 3433
f 1363 1384 1263
f 108 104 101
f 1141 1159 1115
f 367 377 449
f 3888 3887 3880
f 34 50 65
f 3941 3946 3957
f 3904 3896 3905
f 1462 1490 1442
f 1564 1570 1531
f 1655 1674 1632
f 2863 2845 2869
f 3600 3569 3578
f 1704 1701 1688
f 821 837 790
f 218 219 209
f 194 181 196
f 2692 2646 2591
f 2554 2512 2553
f 1740 1735 1716
f 3595 3600 3578
f 1526 1529 1513
f 1612 1615 1538
f 3381 3383 3301
f 764 850 1021
f 535 548 545
f 1688 1683 1704
f 3738 3724 3751
f 2857 2810 2795
f 2046 2169 1985
f 1882 1860 1996
f 2400 2463 2581
f 1676 1754 1662
f 1051 1050 992
f 1509 1554 1555
f 3597 3595 3579
f 2931 2937 2946
f 330 313 301
f 1572 1658 1539
f 3705 3727 3680
f 2800 2808 2809
f 3792 3794 3780
f 3336 3353 3371
f 2853 2826 2752
f 800 801 819
f 2594 2617 2668
f 1633 1566 1652
f 71 62 67
f 781 742 791
f 3098 3039 3082
f 1010 971 1047
f 1759 1778 1748
f 1568 1658 1648
f 20 22 36
f 2452 2483 2489
f 691 687 709
f 1051 992 998
f 2419 2443 2417
f 214 223 234
f 3467 3501 3439
f 3363 3343 3357
f 319 324 327
f 1849 1835 1839
f 3338 3329 3339
f 3901 3893 3890
f 2347 2366 2386
f 1281 1309 1363
f 2678 2536 2719
f 898 878 843
f 1121 1168 1078
f 1568 1574 1492
f 1020 902 917
f 3928 3929 3931
f 3037 2994 3049
f 1332 1295 1342
f 2461 2447 2504
f 3503 3556 3453
f 2407 2453 2376
f 1593 1591 1551
f 214 198 201
f 3597 3596 3600
f 1526 1520 1535
f 864 917 867
f 762 779 778
f 1414 1488 1525
f 86 83 88
f 2424 2410 2503
f 209 205 204
f 1202 1051 1066
f 2794 2771 2779
f 373 401 394
f 1263 1281 1363
f 2171 2160 2130
f 3585 3561 3507
f 2095 2107 2043
f 1681 1696 1670
f 3268 3290 3334
f 311 321 325
f 2622 2681 2635
f 3488 3466 3562
f 1451 1390 1347
f 221 215 212
f 3361 3356 3332
f 1019 1016 1082
f 2344 2354 2368
f 2575 2597 2733
f 3315 3316 3339
f 1632 1621 1614
f 499 500 527
f 1797 1937 1868
f 1842 1835 1855
f 1749 1741 1735
f 8 3 15
f 2664 2600 2680
f 1071 1025 967
f 833 838 814
f 60 58 36
f 3367 3370 3417
f 1918 1906 1874
f 134 138 130
f 818 1009 1000
f 2497 2511 2523
f 988 1171 1084
f 2072 2107 2154
f 3687 3670 3685
f 3596 3569 3600
f 2641 2593 2586
f 2892 3036 3052
f 181 185 196
f 2610 2629 2603
f 1571 1550 1585
f 723 709 736
f 329 321 318
f 274 278 294
f 3510 3486 3456
f 2134 2174 2196
f 2484 2460 2512
f 31 32 47
f 2765 2751 2735
f 2429 2414 2444
f 2369 2404 2466
f 3920 3919 3924
f 1686 1689 1733
f 3596 3597 3558
f 1311 1275 1308
f 1324 1346 1499
f 2619 2656 2653
f 2288 2285 2249
f 447 422 456
f 938 975 927
f 411 381 389
f 3834 3814 3835
f 1619 1641 1730
f 2846 2805 2858
f 2385 2382 2397
f 1217 1374 1143
f 781 888 826
f 1464 1454 1433
f 748 741 840
f 2828 2812 2836
f 1836 1812 1987
f 430 426 462
f 21 26 14
f 31 17 32
f 3216 3263 3221
f 2400 2348 2463
f 3878 3885 3879
f 3645 3625 3644
f 2193 2187 2162
f 1584 1592 1621
f 2725 2805 2788
f 2163 2021 2126
f 1031 1057 1055
f 2747 2777 2702
f 2942 2917 2825
f 3804 3803 3815
f 3554 3569 3596
f 1788 1789 1783
f 410 391 382
f 3272 3242 3240
f 1756 1733 1732
f 884 824 854
f 3558 3554 3596
f 1411 1446 1462
f 879 825 869
f 2560 2564 2577
f 2704 2683 2757
f 3086 3070 3023
f 580 577 546
f 2182 2166 2171
f 3558 3597 3546
f 1810 1841 1752
f 8 23 6
f 2312 2289 2292
f 3065 3085 3069
f 3062 2942 3110
f 1401 1383 1391
f 2197 2204 2205
f 3247 3222 3190
f 2846 2858 2876
f 2699 2715 2674
f 3176 3161 3188
f 2855 2859 2798
f 1664 1595 1604
f 3579 3546 3597
f 2939 2936 2978
f 3922 3930 3938
f 395 389 381
f 2643 2605 2634
f 1959 2013 1989
f 1360 1365 1419
f 1480 1333 1494
f 248 246 247
f 2393 2438 2392
f 3703 3721 3731
f 3277 3289 3268
f 1111 1204 1064
f 3357 3397 3384
f 3484 3401 3312
f 565 614 564
f 2014 2060 2000
f 964 1007 989
f 544 562 573
f 3629 3633 3614
f 2808 2800 2806
f 3607 3592 3548
f 3429 3417 3370
f 3715 3732 3737
f 1682 1702 1637
f 3859 3871 3869
f 3285 3250 3213
f 2691 2681 2730
f 2512 2460 2521
f 1769 1766 1745
f 2952 3091 3022
f 3848 3850 3853
f 3548 3592 3555
f 2480 2502 2500
f 3489 3491 3527
f 625 622 639
f 1941 1992 1822
f 2426 2400 2506
f 2379 2384 2378
f 3207 3210 3158
f 2537 2526 2569
f 685 730 718
f 748 689 671
f 3921 3925 3912
f 1006 1127 1041
f 1862 1900 1830
f 2168 2156 2144
f 3622 3638 3616
f 3616 3638 3630
f 3783 3791 3777
f 1331 1325 1290
f 567 575 559
f 1619 1602 1547
f 3566 3512 3492
f 281 275 273
f 725 765 825
f 2185 2173 2181
f 3789 3769 3787
f 306 310 324
f 945 955 921
f 2438 2416 2392
f 636 632 604
f 2470 2435 2514
f 2408 2395 2431
f 3713 3703 3731
f 3645 3658 3688
f 2858 2847 2893
f 3622 3619 3640
f 3652 3674 3712
f 1309 1281 1227
f 1196 1138 1069
f 2150 2137 2147
f 3571 3559 3568
f 1685 1642 1579
f 965 1052 1059
f 114 116 122
f 1352 1488 1317
f 35 29 45
f 1521 1495 1546
f 1792 1776 1823
f 3622 3616 3607
f 147 157 141
f 3077 2996 3062
f 2398 2346 2281
f 3594 3544 3564
f 746 606 764
f 1029 1059 1108
f 628 624 643
f 2248 2218 2247
f 2602 2610 2603
f 755 766 732
f 688 681 650
f 3549 3571 3557
f 1354 1300 1101
f 3062 2996 2917
f 79 75 85
f 3021 3006 3061
f 669 658 648
f 1952 1988 1973
f 1935 1930 1946
f 3063 2913 2894
f 3877 3870 3890
f 2886 3121 2873
f 200 204 197
f 1294 1285 1273
f 1028 932 1011
f 142 145 143
f 800 819 855
f 1008 1049 1042
f 2728 2712 2796
f 2479 2516 2465
f 2375 2376 2358
f 2854 2942 2705
f 110 116 109
f 3438 3413 3406
f 3354 3395 3439
f 549 556 475
f 3616 3630 3598
f 1759 1814 1778
f 1357 1274 1340
f 1823 1824 1874
f 3391 3405 3403
f 462 441 513
f 1514 1541 1476
f 3445 3525 3446
f 27 25 6
f 1976 1950 1967
f 2394 2414 2429
f 186 148 179
f 2421 2296 2367
f 2521 2524 2548
f 2282 2283 2370
f 3191 3203 3091
f 2260 2224 2348
f 3003 2977 2962
f 313 314 262
f 2522 2514 2498
f 631 646 612
f 1441 1453 1539
f 1452 1457 1422
f 3710 3696 3708
f 158 168 161
f 2649 2535 2612
f 2234 2159 2264
f 1974 1945 1962
f 858 860 859
f 1581 1491 1470
f 1859 1893 1865
f 1112 1081 1047
f 2366 2350 2368
f 2499 2530 2527
f 3424 3433 3495
f 944 953 898
f 2559 2535 2489
f 439 425 393
f 3201 3170 3238
f 3091 3102 3022
f 496 459 482
f 2433 2501 2430
f 3622 3607 3619
f 155 159 164
f 3098 3044 3039
f 1712 1781 1710
f 2283 2126 2225
f 1067 1001 1106
f 659 656 599
f 3253 3255 3222
f 3509 3547 3531
f 1528 1523 1646
f 1927 1968 1946
f 131 132 150
f 2178 2146 2191
f 457 452 425
f 2168 2142 2170
f 3023 2980 3086
f 1219 1176 1213
f 508 489 488
f 285 289 317
f 1202 1050 1051
f 1097 1062 1149
f 957 972 965
f 3276 3289 3305
f 1837 1943 1902
f 3818 3804 3815
f 646 645 647
f 1328 1327 1353
f 3593 3592 3607
f 2652 2645 2671
f 3537 3543 3604
f 238 233 247
f 3866 3845 3847
f 3607 3616 3593
f 1782 1751 1860
f 749 732 766
f 1548 1461 1485
f 274 260 278
f 2505 2633 2550
f 1128 1354 1101
f 1651 1706 1601
f 311 291 305
f 2691 2641 2651
f 717 696 693
f 1249 1230 1170
f 1413 1417 1478
f 2784 2834 2756
f 534 511 522
f 586 590 607
f 1708 1646 1751
f 251 231 243
f 1293 1134 1181
f 3093 3189 2894
f 2026 2108 2061
f 2666 2667 2721
f 2340 2365 2272
f 2133 2108 2026
f 3587 3607 3548
f 1163 1173 1158
f 3607 3587 3619
f 3057 3037 3078
f 3689 3693 3639
f 3573 3575 3500
f 1866 1849 1883
f 1846 1825 1826
f 3358 3382 3368
f 71 67 75
f 1740 1765 1749
f 2734 2728 2782
f 347 335 314
f 3414 3383 3381
f 1133 1093 1255
f 1156 1161 1231
f 3605 3619 3587
f 3669 3659 3702
f 93 86 98
f 2023 2032 2086
f 2161 2127 2108
f 2296 2421 2332
f 2768 2769 2826
f 1790 1775 1833
f 2189 2190 2244
f 1056 930 874
f 1030 1034 1217
f 3356 3349 3332
f 1439 1483 1396
f 1560 1543 1640
f 3598 3593 3616
f 2071 2059 2209
f 2120 2082 1984
f 3710 3677 3681
f 2021 2009 1873
f 2936 2939 2904
f 3472 3509 3469
f 2391 2368 2354
f 2088 2087 2143
f 3506 3525 3549
f 2460 2440 2423
f 1441 1344 1257
f 2428 2503 2410
f 1017 1180 1083
f 1844 1857 1831
f 747 717 714
f 669 649 673
f 1646 1634 1528
f 1090 1054 1118
f 2373 2374 2355
f 3833 3832 3818
f 2874 2864 2926
f 3593 3598 3545
f 3598 3606 3547
f 3702 3689 3669
f 2801 2747 2753
f 3862 3863 3878
f 243 260 263
f 1319 1292 1335
f 26 40 30
f 335 312 314
f 3566 3570 3608
f 2197 2213 2208
f 1541 1533 1516
f 408 418 458
f 2699 2674 2612
f 3120 3135 3151
f 353 345 380
f 398 427 441
f 524 496 517
f 1447 1409 1434
f 1392 1407 1321
f 2730 2745 2718
f 597 587 619
f 1561 1486 1582
f 651 667 638
f 2209 2323 2335
f 985 992 943
f 2870 2817 2856
f 3593 3555 3592
f 1337 1379 1318
f 1121 1118 1179
f 1173 1116 1158
f 1737 1802 1818
f 258 273 268
f 1669 1746 1658
f 1339 1308 1271
f 628 631 602
f 580 626 577
f 3102 2982 2968
f 2061 2089 2088
f 1235 1225 1212
f 2298 2269 2278
f 3562 3605 3587
f 3876 3873 3889
f 548 569 570
f 3106 3104 3067
f 1553 1504 1602
f 2520 2543 2625
f 3112 3146 3165
f 156 144 171
f 1976 1967 1981
f 960 918 885
f 3885 3892 3894
f 2508 2633 2505
f 3867 3870 3829
f 1266 1246 1264
f 2166 2158 2119
f 2682 2734 2654
f 1525 1547 1440
f 1504 1484 1436
f 2132 2094 2090
f 1288 1197 1251
f 847 787 771
f 3234 3254 3213
f 2882 3026 2990
f 2843 2846 2876
f 1690 1667 1649
f 3395 3354 3347
f 2295 2311 2401
f 3449 3494 3420
f 2045 2014 2004
f 3832 3836 3821
f 1513 1511 1469
f 459 447 456
f 3301 3252 3233
f 2419 2387 2440
f 3640 3641 3638
f 2953 2981 3015
f 3064 3042 3027
f 3567 3618 3684
f 2418 2401 2541
f 780 831 811
f 2445 2489 2535
f 337 328 340
f 2104 2105 2098
f 1098 1117 1080
f 2373 2355 2426
f 728 721 738
f 1069 1053 973
f 50 31 48
f 2746 2720 2713
f 805 725 825
f 3632 3641 3640
f 3251 3246 3239
f 161 168 169
f 1297 1330 1453
f 3632 3637 3641
f 2623 2677 2613
f 229 222 220
f 1668 1684 1589
f 1682 1697 1724
f 1494 1577 1480
f 144 156 138
f 2696 2684 2574
f 3641 3630 3638
f 3008 2841 2719
f 3510 3488 3548
f 1855 1835 1852
f 2143 2087 2146
f 1573 1583 1541
f 658 621 648
f 3575 3573 3614
f 2749 2964 2894
f 3327 3275 3310
f 3633 3623 3614
f 832 848 1003
f 1018 1001 1067
f 3547 3509 3598
f 702 685 718
f 3140 3128 3166
f 3256 3186 3184
f 2172 2211 2153
f 948 1034 963
f 2720 2673 2713
f 1493 1543 1560
f 3784 3782 3795
f 3574 3573 3499
f 3505 3475 3508
f 228 252 241
f 2996 2972 2930
f 695 725 693
f 2734 2772 2764
f 3640 3638 3622
f 1105 1098 1071
f 121 119 125
f 113 119 110
f 1378 1486 1496
f 2244 2233 2189
f 166 159 155
f 2849 2707 2703
f 1646 1633 1737
f 1785 1844 1803
f 1096 935 1154
f 160 157 147
f 350 339 352
f 3480 3431 3496
f 977 832 1036
f 1711 1707 1698
f 3697 3700 3725
f 3710 3681 3696
f 23 27 6
f 1168 1206 1078
f 752 841 688
f 3330 3350 3316
f 3334 3313 3351
f 3190 3282 3278
f 2041 2096 2114
f 2577 2565 2560
f 2362 2392 2416
f 2891 2945 2912
f 1984 2082 1943
f 769 677 920
f 1185 1257 1344
f 3069 3085 3040
f 490 446 499
f 608 710 618
f 1750 1775 1742
f 1595 1588 1559
f 3253 3247 3266
f 2672 2687 2543
f 2554 2553 2592
f 1759 1748 1713
f 2422 2427 2448
f 3226 3268 3307
f 1993 1988 1983
f 1940 1914 1909
f 2860 2864 2793
f 2820 2722 2694
f 1576 1536 1586
f 2226 2216 2269
f 739 756 754
f 3147 3123 3164
f 1715 1763 1685
f 524 542 538
f 3134 3164 3123
f 2426 2487 2455
f 3162 3161 3176
f 2860 2905 2864
f 210 200 195
f 3742 3745 3706
f 2260 2317 2255
f 1853 1888 2001
f 3230 3280 3218
f 920 1099 769
f 2176 2151 2202
f 1710 1629 1712
f 2048 2175 2129
f 478 447 459
f 1693 1771 1703
f 3314 3344 3308
f 3639 3648 3654
f 3220 3373 3331
f 2194 2148 2267
f 3632 3640 3619
f 3938 3930 3935
f 3072 3088 3194
f 2169 2273 2287
f 917 907 1043
f 1500 1495 1521
f 2158 2164 2112
f 3935 3930 3927
f 1453 1330 1480
f 3677 3646 3668
f 157 168 167
f 228 249 254
f 2907 2935 2853
f 1812 1880 1987
f 1522 1519 1527
f 2649 2731 2680
f 954 931 873
f 3515 3489 3527
f 1645 1685 1579
f 2477 2353 2332
f 2760 2778 2803
f 2034 1897 1961
f 3926 3922 3915
f 2003 2033 2005
f 37 27 43
f 2605 2589 2634
f 3373 3425 3331
f 3361 3372 3356
f 3601 3585 3530
f 2331 2351 2486
f 847 810 949
f 1914 1934 1912
f 895 957 965
f 3720 3717 3736
f 302 304 303
f 293 296 318
f 1122 1159 1141
f 1849 1872 1883
f 3097 3140 3186
f 3335 3362 3385
f 1147 1169 1123
f 3765 3771 3756
f 2010 2011 2035
f 2830 2806 2829
f 2260 2255 2210
f 1911 1990 1957
f 2283 2163 2126
f 2236 2249 2285
f 140 137 152
f 2366 2333 2350
f 3436 3455 3442
f 2169 2201 2030
f 2088 2073 2044
f 305 293 318
f 629 630 591
f 1087 1122 1006
f 3754 3752 3750
f 2801 2847 2777
f 2705 2562 2518
f 3006 3004 3092
f 3606 3598 3630
f 1273 1285 1287
f 3254 3234 3261
f 94 90 99
f 3661 3665 3671
f 1745 1767 1769
f 3851 3848 3838
f 2688 2607 2546
f 1020 1026 910
f 688 841 681
f 1812 1738 1806
f 1546 1496 1561
f 304 302 290
f 1026 923 910
f 231 237 221
f 3632 3619 3605
f 3605 3562 3632
f 2613 2587 2537
f 3557 3541 3532
f 644 665 675
f 235 239 233
f 3613 3632 3562
f 434 380 428
f 2611 2648 2660
f 187 192 188
f 679 673 682
f 2629 2665 2615
f 2014 1965 2004
f 1344 1492 1366
f 156 182 149
f 3522 3517 3582
f 1972 1957 1995
f 3819 3806 3811
f 1600 1599 1630
f 684 707 705
f 1653 1620 1657
f 2909 2916 2995
f 3524 3526 3427
f 3065 3087 3085
f 1507 1505 1430
f 3538 3524 3519
f 1000 1088 1013
f 826 906 757
f 2771 2794 2819
f 2094 2060 2014
f 246 248 240
f 2796 2782 2728
f 1896 1876 1848
f 66 65 64
f 1014 957 909
f 802 812 913
f 3906 3912 3911
f 3548 3527 3510
f 2124 2214 2100
f 1040 1002 1073
f 2744 2770 2727
f 539 545 571
f 3865 3871 3858
f 1275 1246 1219
f 2733 2740 2913
f 2904 2876 2893
f 1260 1316 1220
f 3487 3479 3444
f 1744 1755 1706
f 1458 1408 1420
f 3046 3013 3056
f 2577 2586 2557
f 609 619 587
f 2039 2051 2058
f 1942 1948 1818
f 1030 963 1034
f 3233 3227 3211
f 2993 2957 3013
f 3812 3807 3795
f 399 394 442
f 1411 1334 1429
f 2191 2189 2233
f 3272 3340 3242
f 3744 3736 3735
f 3208 3194 3239
f 925 755 775
f 1176 1115 1159
f 3154 3163 3181
f 758 772 736
f 9 20 18
f 135 149 146
f 1499 1479 1324
f 2141 2163 2282
f 924 979 953
f 674 683 578
f 35 45 49
f 1444 1404 1466
f 60 72 77
f 1253 1268 1286
f 2817 2760 2803
f 2537 2569 2613
f 3344 3326 3308
f 824 834 828
f 1354 1506 1474
f 1078 999 1077
f 2425 2574 2518
f 390 431 388
f 778 779 785
f 613 563 578
f 1731 1774 1715
f 3677 3710 3699
f 3939 3930 3926
f 1213 1239 1234
f 512 558 480
f 2189 2191 2146
f 942 1024 986
f 1770 1765 1740
f 1656 1620 1653
f 3051 3124 3009
f 1099 1324 1152
f 1545 1627 1629
f 1334 1299 1207
f 434 450 445
f 1071 1098 1085
f 1194 1135 1186
f 3390 3392 3371
f 1488 1414 1317
f 1863 1896 1848
f 1265 1252 1232
f 426 417 462
f 3743 3740 3734
f 1900 1862 1924
f 3582 3617 3580
f 2528 2584 2501
f 531 522 494
f 2925 2877 3011
f 729 715 769
f 3613 3562 3553
f 1909 1914 1912
f 1947 1977 1983
f 658 651 621
f 878 898 953
f 3637 3633 3641
f 3424 3397 3366
f 3052 2908 2892
f 1048 1031 1055
f 3412 3522 3393
f 2666 2658 2659
f 2395 2410 2396
f 2829 2834 2887
f 2264 2155 2295
f 453 415 444
f 2116 2157 2086
f 379 387 448
f 2152 2212 2055
f 2635 2571 2622
f 2099 2146 2087
f 1677 1689 1615
f 3641 3626 3630
f 3614 3623 3575
f 2767 2844 2811
f 191 183 189
f 1191 1222 1240
f 1437 1464 1433
f 569 552 574
f 1640 1543 1629
f 435 416 351
f 3633 3626 3641
f 518 536 554
f 2387 2385 2440
f 2357 2399 2286
f 2133 2210 2161
f 1060 1046 1055
f 2635 2681 2676
f 3633 3629 3626
f 1673 1729 1605
f 372 308 331
f 2348 2317 2260
f 3691 3742 3706
f 2525 2412 2575
f 1204 1256 1279
f 2361 2352 2372
f 2844 2836 2811
f 3442 3447 3436
f 3870 3877 3860
f 2677 2623 2657
f 577 599 562
f 3648 3669 3654
f 3728 3739 3718
f 951 992 1050
f 1567 1546 1599
f 3152 3143 3124
f 2156 2146 2099
f 2869 2799 2895
f 3318 3303 3329
f 239 247 233
f 3505 3508 3554
f 1630 1636 1596
f 40 42 30
f 3116 3026 3120
f 480 428 512
f 1425 1418 1401
f 42 52 41
f 3364 3399 3390
f 1311 1342 1289
f 1696 1711 1698
f 2459 2457 2490
f 3848 3837 3838
f 151 171 144
f 1101 841 1128
f 2226 2237 2152
f 1050 1180 1017
f 1389 1348 1397
f 3193 3221 3156
f 1012 1008 1042
f 1476 1510 1438
f 87 88 80
f 1994 1959 1989
f 3208 3239 3246
f 1243 1230 1249
f 2667 2666 2632
f 1183 1339 1216
f 381 398 395
f 2902 2929 2963
f 3878 3883 3885
f 797 842 794
f 2475 2534 2474
f 1129 1103 1091
f 3383 3387 3310
f 2147 2183 2150
f 2884 2910 2866
f 817 785 779
f 2920 2935 2962
f 1437 1433 1398
f 2499 2529 2530
f 3666 3656 3667
f 2131 2084 2134
f 2802 2729 2672
f 1596 1637 1569
f 1196 1270 1226
f 829 967 792
f 1946 1930 1904
f 2820 2852 2872
f 1297 1453 1441
f 3610 3573 3574
f 3519 3524 3459
f 3164 3172 3205
f 2109 2060 2094
f 3462 3470 3450
f 2757 2760 2789
f 2005 2006 2003
f 2619 2651 2641
f 2350 2344 2368
f 1906 1823 1874
f 2702 2639 2665
f 227 225 222
f 3319 3338 3352
f 3530 3471 3520
f 3153 3179 3183
f 3757 3756 3750
f 3244 3236 3262
f 2208 2213 2249
f 1490 1518 1456
f 2732 2703 2587
f 2812 2828 2786
f 3433 3417 3471
f 1532 1468 1536
f 710 608 613
f 3071 3094 3064
f 3623 3633 3637
f 2837 2843 2876
f 2224 2120 2265
f 1463 1416 1473
f 3244 3261 3234
f 368 404 375
f 1348 1364 1370
f 1367 1397 1348
f 690 720 699
f 3328 3343 3322
f 1296 1355 1385
f 1205 1140 1215
f 57 60 39
f 3636 3647 3634
f 3506 3446 3525
f 1397 1367 1406
f 569 574 593
f 391 376 382
f 53 59 63
f 63 64 55
f 61 69 59
f 2343 2349 2275
f 25 28 11
f 3787 3790 3799
f 1291 1302 1245
f 698 707 672
f 1799 1937 1797
f 38 36 58
f 672 684 666
f 1929 1907 1931
f 2973 2934 2958
f 916 837 821
f 3303 3293 3298
f 1279 1337 1318
f 2405 2403 2384
f 2209 2159 2234
f 3014 3067 2892
f 3608 3626 3629
f 2156 2189 2146
f 1768 1739 1684
f 3264 3346 3364
f 3613 3637 3632
f 111 113 107
f 543 582 606
f 2045 2094 2014
f 3069 3040 3028
f 290 302 292
f 3138 3144 3119
f 2707 2566 2578
f 3623 3637 3613
f 2833 2841 3029
f 2297 2383 2360
f 1066 1051 1015
f 3659 3648 3643
f 761 771 787
f 1376 1319 1335
f 2974 2952 3022
f 3136 3109 3156
f 1568 1492 1441
f 2020 2044 2084
f 3645 3675 3668
f 1586 1617 1576
f 823 873 827
f 3665 3686 3680
f 1296 1310 1355
f 250 253 308
f 3630 3626 3606
f 3570 3606 3626
f 1415 1385 1355
f 2200 2245 2230
f 65 66 73
f 214 213 223
f 3608 3570 3626
f 308 285 331
f 3215 3243 3175
f 896 889 908
f 1032 1004 1048
f 415 380 434
